Nom,Arrondissement,Cle,Date,Ouvert,Deblaye,Condition,Id,Type,Adresse,Propriété,Gestion,Point_x,Point_y,Equipement,Longitude,Latitude,Arrose,resurface
"Aire de glissade, Ahuntsic",Ahuntsic - Cartierville,ahc,2022-03-06 12:13:43,,0.0,Mauvaise,,,,,,,,,,,,
"Aire de glissade, Des Hirondelles",Ahuntsic - Cartierville,ahc,2022-03-06 12:13:43,,0.0,Mauvaise,,,,,,,,,,,,
"Aire de glissade ,Don-Bosco",Rivière-des-Prairies - Pointe-aux-Trembles,rdp,2022-03-04 03:47:41,,,Mauvaise,,,,,,,,,,,,
"Aire de glissade, Du Pélican",Rosemont - La Petite-Patrie,rpp,2022-03-18 18:39:14,,,Mauvaise,,,,,,,,,,,,
"Aire de glissade, Ignace-Bourget",Le Sud-Ouest,sou,2022-03-11 03:14:27,1.0,0.0,N/A,,,,,,,,,,,,
"Aire de glissade, Joseph-Paré",Rosemont - La Petite-Patrie,rpp,2022-03-18 18:39:14,,,Mauvaise,,,,,,,,,,,,
"Aire de glissade, Le Ber",Le Sud-Ouest,sou,2022-03-11 03:14:27,1.0,0.0,N/A,,,,,,,,,,,,
"Aire de glissade, Mont-Royal",Ville-Marie,vma,2022-03-16 15:37:30,0.0,0.0,N/A,,,,,,,,,,,,
"Glissade, Parc Arthur-Therrien",Verdun,ver,2022-03-12 10:17:18,1.0,1.0,Excellente,,,,,,,,,,,,
"Glissade, Parc Beaubien",Outremont,out,2022-03-11 10:19:47,1.0,,Bonne,,,,,,,,,,,,
"Aire de glissade, Parc Confédération",Côte-des-Neiges - Notre-Dame-de-Grâce,cdn,2022-03-13 12:30:47,0.0,0.0,N/A,,,,,,,,,,,,
"Aire de glissade, parc Coubertin",Saint-Léonard,sle,2022-02-24 06:43:20,1.0,,Mauvaise,,,,,,,,,,,,
"Aire de glissade, parc Delorme",Saint-Léonard,sle,2022-02-24 06:43:20,1.0,,Mauvaise,,,,,,,,,,,,
"Aire de glissade , Parc des rapides",LaSalle,lsl,2022-03-15 13:44:59,,0.0,N/A,,,,,,,,,,,,
"Glissade, Parc du Bois-Franc",Saint-Laurent,sla,2022-03-05 05:55:27,0.0,0.0,N/A,,,,,,,,,,,,
"Aire de glissade, parc Ferland",Saint-Léonard,sle,2022-02-24 06:43:20,1.0,,Mauvaise,,,,,,,,,,,,
"Aire de glissade, Parc Grovehill",Lachine,lch,2022-03-07 10:12:31,0.0,0.0,N/A,,,,,,,,,,,,
"Glissade, Parc Hartenstein",Saint-Laurent,sla,2022-03-05 05:55:27,0.0,0.0,N/A,,,,,,,,,,,,
"Aire de glissade, Parc Hayward",LaSalle,lsl,2022-03-15 13:44:59,,0.0,N/A,,,,,,,,,,,,
"AIre de glissade, Parc Henri-Bourassa",Montréal-Nord,mno,2022-03-16 05:30:58,,0.0,N/A,,,,,,,,,,,,
"Aire de glissade, Parc Jarry",Villeray-Saint-Michel - Parc-Extension,vsp,2022-03-13 07:44:55,0.0,0.0,N/A,,,,,,,,,,,,
"Aire de glissade, Parc Lafond",Rosemont - La Petite-Patrie,rpp,2022-03-18 18:39:14,,,Mauvaise,,,,,,,,,,,,
"Aire de glissage, Parc Père-Marquette",Rosemont - La Petite-Patrie,rpp,2022-03-18 18:39:14,,,Mauvaise,,,,,,,,,,,,
"Glissade, Parc Philippe-Laheurte",Saint-Laurent,sla,2022-03-05 05:55:27,0.0,0.0,N/A,,,,,,,,,,,,
"Aire de glissade, Parc Pilon",Montréal-Nord,mno,2022-03-16 05:30:58,,0.0,N/A,,,,,,,,,,,,
"Aire de glissade, Parc Saïdye-Bronfman",Côte-des-Neiges - Notre-Dame-de-Grâce,cdn,2022-03-13 12:30:47,0.0,0.0,N/A,,,,,,,,,,,,
"Glissade, Parc Saint-Laurent",Saint-Laurent,sla,2022-03-05 05:55:27,0.0,0.0,N/A,,,,,,,,,,,,
"Aire de glissade, Parc Sauvé",Montréal-Nord,mno,2022-03-16 05:30:58,,0.0,N/A,,,,,,,,,,,,
"Glissade, Parc West-Vancouver",Verdun,ver,2022-03-12 10:17:18,1.0,1.0,Excellente,,,,,,,,,,,,
"Aire de glissade,Saint-Jean-Baptiste",Rivière-des-Prairies - Pointe-aux-Trembles,rdp,2022-03-04 03:47:41,,,Mauvaise,,,,,,,,,,,,
"Aire de glissade,Saint-Joseph",Rivière-des-Prairies - Pointe-aux-Trembles,rdp,2022-03-04 03:47:41,,,Mauvaise,,,,,,,,,,,,
"Aire de glissade, Terrain de la mairie",LaSalle,lsl,2022-03-15 13:44:59,,0.0,N/A,,,,,,,,,,,,
Complexe sportif Claude-Robillard,Ahuntsic-Cartierville,,,,,,3114253.0,Piscine intérieure,"1 000, Avenue Émile-Journeault Est",Municipale,Municipale,"294151,2717",5045855457.0,Complexe aquatique,-73.63639,45.552526,,
Saint-Jean-Baptiste,Rivière-des-Prairies–Pointe-aux-Trembles,,,,,,5015454.0,Pataugeoire,"1 048, Boulevard Saint-Jean-Baptiste",Municipale,Municipale,"304846,2071","5055625,72",,-73.49941,45.640521,,
Centre sportif St-Charles,Le Sud-Ouest,,,,,,1020721.0,Piscine intérieure,"1 055, Rue Hibernia",Municipale,Municipale,"299867,9341",5037766346.0,Piscine récréative,-73.563099,45.479802,,
Parc Normand Dawe,Verdun,,,,,,1050716.0,Jeu d'eau,"1 060, Rue Woodland",Municipale,Municipale,"298647,5623",5034733453.0,,-73.578667,45.4525,,
Parc Beaulac,Saint-Laurent,,,,,,4030363.0,Jeu d'eau,"1 145, Rue Élizabeth",Municipale,Municipale,"290934,0231",5042211675.0,,-73.677489,45.51968,,
Parc Cooney,Verdun,,,,,,1050247.0,Jeu d'eau,"1 175, Rue Melrose",Municipale,Municipale,"298518,4184",5034953364.0,,-73.580319,45.454479,,
Parc Harris,Saint-Laurent,,,,,,5066716.0,Jeu d'eau,"1 365, Avenue O’Brien",Municipale,Municipale,"290338,3295",5042146839.0,,-73.685116,45.519083,,
Parc Ouellette (natation et récréatif),LaSalle,,,,,,4039115.0,Piscine extérieure,"1 407, Rue Serre",Municipale,Privé,"295254,0967",5032569894.0,,-73.622005,45.432989,,
L’Aquadôme LaSalle,LaSalle,,,,,,4156343.0,Piscine intérieure,"1 411, Rue Lapierre",Municipale,Privé,"296335,6987",5032962552.0,Complexe aquatique,-73.608196,45.43654,,
Parc La Fontaine ouest,Le Plateau-Mont-Royal,,,,,,1027502.0,Pataugeoire,"1 450, Rue Rachel Est",Municipale,Municipale,"299382,7103","5042884,97",,-73.56936,45.525852,,
Parc Hartenstein,Saint-Laurent,,,,,,5016554.0,Piscine extérieure,"1 505, Rue Cardinal",Municipale,Municipale,"289936,1662",5042046109.0,,-73.690259,45.518174,,
Parc Hartenstein,Saint-Laurent,,,,,,5016554.0,Pataugeoire,"1 505, Rue Cardinal",Municipale,Municipale,"289849,7238",5042125157.0,,-73.691375,45.518883,,
Parc Hartenstein,Saint-Laurent,,,,,,5016554.0,Jeu d'eau,"1 505, Rue Cardinal",Municipale,Municipale,"289888,1774",5041938969.0,,-73.69087,45.517202,,
Bain Quintal,Ville-Marie,,,,,,1018523.0,Piscine intérieure,"1 550, Rue Dufresne",Municipale,Municipale,"300975,7246",5043217592.0,Piscine récréative,-73.548969,45.52886,,
Parc Père-Marquette,Rosemont–La Petite-Patrie,,,,,,3069220.0,Pataugeoire,"1 555, Rue des Carrières",Municipale,Municipale,"297740,6679",5044324939.0,,-73.590401,45.538795,,
Centre sportif Père-Marquette,Rosemont–La Petite-Patrie,,,,,,5103407.0,Piscine intérieure,"1 600, Rue Drucourt",Municipale,Municipale,"298337,0379",5045796851.0,Piscine récréative,-73.582776,45.552047,,
Parc St-Aloysius,Mercier–Hochelaga-Maisonneuve,,,,,,2064425.0,Pataugeoire,"1 650, Avenue Valois",Municipale,Municipale,"301628,1089",5045103194.0,,-73.540621,45.545834,,
Parc de La Reine Élizabeth,Verdun,,,,,,1116730.0,Jeu d'eau,"1 650, Rue Crawford",Municipale,Municipale,"297575,3881",5033164482.0,,-73.592349,45.438371,,
Parc des Vétérans,Ville-Marie,,,,,,5071428.0,Pataugeoire,"1 655, Avenue Papineau",Municipale,Municipale,"300488,5129",5042717424.0,,-73.5552,45.524357,,
Marcelin-Wilson,Ahuntsic-Cartierville,,,,,,3021351.0,Piscine extérieure,"1 655, Rue Dudemaine, H3M 1R2",Municipale,Municipale,"290413,3232",5044137201.0,,-73.684215,45.537,,
Parc Goulet,Saint-Laurent,,,,,,4099482.0,Jeu d'eau,"1 695, Rue d’Oxford",Municipale,Municipale,"289041,7102",5042480411.0,,-73.701729,45.52206,,
Port de Plaisance,Lachine,,,,,,5061272.0,Piscine extérieure,"1 800, Chemin des Iroquois",Municipale,OBNL,"290986,3256",5032227781.0,,-73.676543,45.42984,,
Centre sportif Petite-Bourgogne,Le Sud-Ouest,,,,,,5006029.0,Piscine intérieure,"1 825, Rue Notre-Dame Ouest",Municipale,OBNL,"299389,6801",5038717468.0,Piscine récréative,-73.569224,45.488356,,
Parc Duff-Court,Lachine,,,,,,5056523.0,Piscine extérieure,"1 830, Croissant Roy",Municipale,Municipale,"290670,4398",5034129795.0,,-73.680636,45.446949,,
Parc Duff-Court,Lachine,,,,,,5056523.0,Pataugeoire,"1 830, Croissant Roy",Municipale,Municipale,"290670,4398",5034129795.0,,-73.680636,45.446949,,
Parc Beauclerk,Mercier–Hochelaga-Maisonneuve,,,,,,2051168.0,Jeu d'eau,"1 855, Avenue Émile-Legrand",Municipale,Municipale,"303213,3204",5049008241.0,,-73.520336,45.580978,,
Parc St-Clément,Mercier–Hochelaga-Maisonneuve,,,,,,2020120.0,Pataugeoire,"1 855, Rue de Ville-Marie",Municipale,Municipale,302173727.0,5046691598.0,,-73.533651,45.560125,,
Hochelaga,Mercier–Hochelaga-Maisonneuve,,,,,,2063743.0,Piscine intérieure,"1 870, Rue Davidson",Municipale,Municipale,"301319,5393",5044694075.0,Piscine compétitive,-73.544576,45.542152,,
Bain Morgan,Mercier–Hochelaga-Maisonneuve,,,,,,2065901.0,Piscine intérieure,"1 875, Avenue Morgan",Municipale,Municipale,"301810,6112",5045950116.0,Piscine récréative,-73.538296,45.553456,,
Parc Rougemont,Mercier–Hochelaga-Maisonneuve,,,,,,2024523.0,Pataugeoire,"1 900, Rue Bossuet",Municipale,Municipale,"302644,7225",5047717807.0,,-73.527622,45.569359,,
Parc Lasalle 1,Lachine,,,,,,5060035.0,Pataugeoire,"1 950, Remembrance",Municipale,Municipale,"291104,1199",5033162161.0,,-73.675061,45.438256,,
Parc Lasalle 2,Lachine,,,,,,5060035.0,Pataugeoire,"1 950, Remembrance",Municipale,Municipale,"291104,1199",5033162161.0,,-73.675061,45.438256,,
Parc Campbell-Ouest,Le Sud-Ouest,,,,,,1008171.0,Pataugeoire,"1 990, Rue de Maricourt",Municipale,Municipale,"297630,3466",5035340982.0,,-73.591678,45.457952,,
Complexe aquatique – Société du parc Jean-Drapeau,Ville-Marie,,,,,,5072841.0,Piscine extérieure,"1, Circuit Gilles-Villeneuve,",Municipale,Parapublique,"302127,3302",5041516018.0,Île Sainte-Hélène,-73.534212,45.513559,,
Parc Sabrevois,Montréal-Nord,,,,,,2070718.0,Pataugeoire,"10 110, Avenue des Récollets",Municipale,Municipale,"294408,9079",5049300149.0,,-73.633172,45.583529,,
Parc Ottawa,Montréal-Nord,,,,,,2068769.0,Piscine extérieure,"10 341, Avenue Lausanne",Municipale,Municipale,293670906.0,5049138004.0,,-73.642625,45.58206,,
Parc Ottawa,Montréal-Nord,,,,,,2068769.0,Pataugeoire,"10 400, Avenue Belleville",Municipale,Municipale,293670906.0,5049138004.0,,-73.642625,45.58206,,
Parc Ottawa,Montréal-Nord,,,,,,2068769.0,Jeu d'eau,"10 400, Avenue Belleville",Municipale,Municipale,293670906.0,5049138004.0,,-73.642625,45.58206,,
Parc Oscar,Montréal-Nord,,,,,,2068113.0,Pataugeoire,"10 660, Boulevard Saint-Michel",Municipale,Municipale,"293219,8302",5049150275.0,,-73.648405,45.582161,,
Sophie-Barat,Ahuntsic-Cartierville,,,,,,3116265.0,Piscine intérieure,"10 851, Rue Saint-Charles, H2C 3H7",Municipale,Municipale,"291703,7809",5046899148.0,Piscine compétitive,-73.667771,45.561879,,
Parc Charleroi,Montréal-Nord,,,,,,2076909.0,Piscine extérieure,"10 975, Avenue Alfred",Municipale,Municipale,"295260,6871",5051093663.0,,-73.622288,45.599675,,
Parc Charleroi,Montréal-Nord,,,,,,2076909.0,Pataugeoire,"10 975, Avenue Alfred",Municipale,Municipale,"295260,6871",5051093663.0,,-73.622288,45.599675,,
Parc Arthur-Therrien,Verdun,,,,,,5073228.0,Piscine extérieure,"10, Rue Hickson",Municipale,Municipale,"299989,1927",5036132148.0,,-73.561523,45.465099,,
Parc Arthur-Therrien,Verdun,,,,,,5073228.0,Pataugeoire,"10, Rue Hickson",Municipale,Municipale,"299428,7771",5034263288.0,,-73.568677,45.448277,,
Pataugeoire du Sault-au-récollet,Ahuntsic-Cartierville,,,,,,0.0,Pataugeoire,10550 rue St-Firmin,,,"292697,7281",5047948679.0,,-73.655064,45.571336,,
Pataugeoire Ahuntsic,Ahuntsic-Cartierville,,,,,,0.0,"Pataugeoire, Jeux d'eau",10555 rue Lajeunesse,,,"291891,1168",5046147865.0,,-73.665343,45.555115,,
Parc Wilson,Verdun,,,,,,1051139.0,Jeu d'eau,"1075-A, Avenue Brown",Municipale,Municipale,298598757.0,5034296841.0,,-73.579288,45.448567,,
Parc Pilon,Montréal-Nord,,,,,,2070945.0,Pataugeoire,"11 135, Avenue des Récollets",Municipale,Municipale,"293702,5631",5050411397.0,,-73.642244,45.593515,,
Parc Le Carignan,Montréal-Nord,,,,,,2080320.0,Pataugeoire,"11 481, Rue P.M.-Favier",Municipale,Municipale,"295783,9769",5052255545.0,,-73.615606,45.610138,,
Parc Saint-Laurent,Montréal-Nord,,,,,,2077664.0,Piscine extérieure,"11 614, Avenue Salk",Municipale,Municipale,"294754,4465",5051730244.0,,-73.628788,45.6054,,
Parc Saint-Laurent,Montréal-Nord,,,,,,2077664.0,Pataugeoire,"11 614, Avenue Salk",Municipale,Municipale,"294754,4465",5051730244.0,,-73.628788,45.6054,,
Piscine intérieure Roussin,Rivière-des-Prairies–Pointe-aux-Trembles,,,,,,5029269.0,Piscine intérieure,"12 125, Rue Notre-Dame Est",Municipale,Municipale,"305485,4766",5055655173.0,Piscine récréative,-73.491213,45.640791,,
Parc Monty,Montréal-Nord,,,,,,2081040.0,Pataugeoire,"12 357, Avenue Monty",Municipale,Municipale,"295458,2261",5053477193.0,,-73.619796,45.62113,,
Centre aquatique Rivières-des-Prairies,Rivière-des-Prairies–Pointe-aux-Trembles,,,,,,5072848.0,Piscine intérieure,"12 515, Boulevard Rodolphe-Forget",Municipale,Municipale,"298578,6641",5056952178.0,Complexe aquatique,-73.579832,45.652434,,
Parc Alexis-Carrel,Rivière-des-Prairies–Pointe-aux-Trembles,,,,,,5070958.0,Piscine extérieure,"12 550, Avenue Alexis-Carrel",Municipale,Municipale,"297878,4231","5056038,26",,-73.5888,45.644203,,
Parc Alexis-Carrel,Rivière-des-Prairies–Pointe-aux-Trembles,,,,,,5070958.0,Pataugeoire,"12 550, Avenue Alexis-Carrel",Municipale,Municipale,"297878,4231","5056038,26",,-73.5888,45.644203,,
Parc Lacordaire,Montréal-Nord,,,,,,2079610.0,Pataugeoire,"12 576, Boulevard Lacordaire",Municipale,Municipale,"294499,0455","5052934,31",,-73.632082,45.61623,,
Pataugeoire de Mésy,Ahuntsic-Cartierville,,,,,,0.0,"Pataugeoire, Jeux d'eau",12120 rue Grenet,,,"287810,6816",5043384178.0,,-73.717518,45.530166,,
Piscine briarwood,Pierrefonds-Roxborro,,,,,,0.0,Piscine extérieure,12421 rue Pavillon,,,"278571,0301",5041552741.0,,-73.835702,45.513394,,
Parc Saint-Georges,Rivière-des-Prairies–Pointe-aux-Trembles,,,,,,2079739.0,Piscine extérieure,"13 050, Rue Prince-Albert",Municipale,Municipale,"305389,3259",5057137776.0,,-73.492443,45.654126,,
Parc St-Georges,Rivière-des-Prairies–Pointe-aux-Trembles,,,,,,2079739.0,Pataugeoire,"13 050, Rue Prince-Albert",Municipale,Municipale,"305389,3259",5057137776.0,,-73.492443,45.654126,,
Parc Richelieu,Rivière-des-Prairies–Pointe-aux-Trembles,,,,,,2072528.0,Piscine extérieure,"13 600, Rue Forsyth",Municipale,Municipale,"304425,0067",5058203099.0,,-73.504812,45.663718,,
Parc Richelieu,Rivière-des-Prairies–Pointe-aux-Trembles,,,,,,2072528.0,Pataugeoire,"13 600, Rue Forsyth",Municipale,Municipale,"304425,0067",5058203099.0,,-73.504812,45.663718,,
Piscine Versailles,Pierrefonds-Roxborro,,,,,,0.0,Piscine extérieure,13207 rue Desjardins,,,"277550,0531",5041379655.0,,-73.84876,45.511799,,
Jeux d'eau Saint-Jacques,Ville-Marie,,,,,,0.0,Jeux d'eau,1360 rue Saint-Jacques,,,299536228.0,"5039257,29",,-73.567349,45.493216,,
Parc Toussaint-Louverture,Ville-Marie,,,,,,1021708.0,Jeu d'eau,137 Boulevard de Maisonneuve,Municipale,Municipale,"299739,8542",5041399457.0,,-73.564774,45.512492,,
Parc Ouelette,LaSalle,,,,,,4039115.0,Jeu d'eau,"1407, Rue Serre",Municipale,Privé,"295254,0967",5032569894.0,,-73.622005,45.432989,,
Piscine du YMCA Centre-Ville,Ville-Marie,,,,,,0.0,Piscine intérieure,1440 rue Stanley,,,298974303.0,5039975909.0,,-73.574548,45.499673,,
Parc Montmartre,Rivière-des-Prairies–Pointe-aux-Trembles,,,,,,2077340.0,Jeu d'eau,"14555, rue de Montigny",Municipale,Municipale,"304974,3777",5059549579.0,,-73.497767,45.67583,,
Piscine Thorndale,Pierrefonds-Roxborro,,,,,,0.0,Piscine extérieure,14921 rue Oakwood,,,"276942,6222","5037290,6",,-73.856309,45.474981,,
Parc Robert-Sauvé,L'Île-Bizard–Sainte-Geneviève,,,,,,4084462.0,Piscine extérieure,"15 734, Rue de la Caserne, Sainte-Geneviève",Municipale,Municipale,"276130,5669",5037974506.0,,-73.866735,45.481102,,
Parc Robert-Sauvé,L'Île-Bizard–Sainte-Geneviève,,,,,,4084462.0,Pataugeoire,"15 734, Rue de la Caserne, Sainte-Geneviève",Municipale,Municipale,"276130,5669",5037974506.0,,-73.866735,45.481102,,
Parc Kirkland,Lachine,,,,,,5054431.0,Piscine extérieure,"150, Rue des Érables",Municipale,Municipale,"293083,0154",5034007493.0,,-73.649786,45.445896,,
Parc Kirkland,Lachine,,,,,,5054431.0,Jeu d'eau,"150, Rue des Érables",Municipale,Municipale,"293083,0154",5034007493.0,,-73.649786,45.445896,,
Piscine Marcelin-Wilson,Ahuntsic-Cartierville,,,,,,0.0,"Piscine extérieure, Jeux d'eau",1655 rue Dudemaine,,,"290043,0149",5044389975.0,,-73.68896,45.53926,,
Parc Haymard,LaSalle,,,,,,4127635.0,Piscine extérieure,"170, Avenue Orchard",Municipale,Privé,"293208,1671",5031500121.0,,-73.648129,45.423339,,
Parc Hayward,LaSalle,,,,,,4127635.0,Jeu d'eau,"170, Avenue Orchard",Municipale,Privé,"293208,1671",5031500121.0,,-73.648129,45.423339,,
Parc Houde,Saint-Laurent,,,,,,4029051.0,Jeu d'eau,"2 100, Rue Saint-Louis",Municipale,Municipale,290675397.0,5040136425.0,,-73.680745,45.501003,,
Parc Marlborough,Saint-Laurent,,,,,,5015690.0,Piscine extérieure,"2 105, Rue Beauzèle",Municipale,Municipale,"287570,3008",5042655268.0,,-73.720565,45.5236,,
Parc Malborough,Saint-Laurent,,,,,,5015690.0,Pataugeoire,"2 105, Rue Beauzèle",Municipale,Municipale,"287530,7419",5042529966.0,,-73.721073,45.522465,,
Parc Marlborough,Saint-Laurent,,,,,,5015690.0,Jeu d'eau,"2 105, Rue Beauzèle",Municipale,Municipale,"287626,9008",5042532366.0,,-73.719844,45.522494,,
Parc de la Bruère,Mercier–Hochelaga-Maisonneuve,,,,,,2051891.0,Pataugeoire,"2 150, Rue Liébert",Municipale,Municipale,"303352,2138",5050433239.0,,-73.518559,45.5938,,
Parc Médéric-Martin,Ville-Marie,,,,,,5037561.0,Pataugeoire,"2 255, Rue du Havre",Municipale,Municipale,"300608,0475",5043834452.0,,-73.553673,45.534409,,
Centre du Plateau,Le Plateau-Mont-Royal,,,,,,1034674.0,Piscine intérieure,"2 275, Boulevard St-Joseph",Municipale,Municipale,298926669.0,5044373814.0,Piscine récréative,-73.575215,45.539247,,
Parc Raymond-Préfontaine,Mercier–Hochelaga-Maisonneuve,,,,,,5070879.0,Pataugeoire,"2 300, Rue Dézéry",Municipale,Municipale,"300696,0489",5044650821.0,,-73.552553,45.541753,,
Olivier-Robert,Ville-Marie,,,,,,5037532.0,Pataugeoire,"2 325, Boulevard de Maisonneuve Est",Municipale,Municipale,"300924,1231",5043167657.0,,-73.549622,45.528409,,
Parc Baldwin,Le Plateau-Mont-Royal,,,,,,1026261.0,Piscine extérieure,"2 330, Rue Rachel Est",Municipale,Municipale,"299849,2929",5043868315.0,,-73.563391,45.53471,,
Parc Baldwin,Le Plateau-Mont-Royal,,,,,,1026261.0,Pataugeoire,"2 330, Rue Rachel Est",Municipale,Municipale,"299849,2929",5043868315.0,,-73.563391,45.53471,,
Parc Baldwin,Le Plateau-Mont-Royal,,,,,,1026261.0,Jeu d'eau,"2 330, rue Rachel Est",Municipale,Municipale,"299849,2929",5043868315.0,,-73.563391,45.53471,,
Gabriel-Lalemant,Ahuntsic-Cartierville,,,,,,3023745.0,Piscine extérieure,"2 350, Rue Sauvé Est, H2B 1B2",Municipale,Municipale,"293681,7773",5047876482.0,,-73.642456,45.570705,,
Parc Saint-Gabriel,Le Sud-Ouest,,,,,,1020818.0,Pataugeoire,"2 355, Rue Mullins",Municipale,Municipale,"299758,9738",5037666336.0,,-73.564493,45.478901,,
Parc La Fontaine est,Le Plateau-Mont-Royal,,,,,,1027502.0,Pataugeoire,"2 450, Rue Rachel Est",Municipale,Municipale,"299382,7103","5042884,97",,-73.56936,45.525852,,
Parc Théodore,Mercier–Hochelaga-Maisonneuve,,,,,,5089063.0,Jeu d'eau,"2 525, Rue Théodore",Municipale,Municipale,"301366,8682",5046788597.0,,-73.543988,45.560995,,
Parc Le Pélican,Rosemont–La Petite-Patrie,,,,,,2008973.0,Piscine extérieure,"2 560, Rue Masson",Municipale,Municipale,"298993,5628",5044898465.0,,-73.574363,45.543972,,
Parc Pélican,Rosemont–La Petite-Patrie,,,,,,2008973.0,Pataugeoire,"2 560, Rue Masson",Municipale,Municipale,"298993,5628",5044898465.0,,-73.574363,45.543972,,
Jean-Claude-Malépart,Ville-Marie,,,,,,5037561.0,Piscine intérieure,"2 633, Rue Ontario Est",Municipale,OBNL,"300608,0475",5043834452.0,Piscine compétitive,-73.553673,45.534409,,
Parc Noël-Nord,Saint-Laurent,,,,,,4157130.0,Piscine extérieure,"2 900, Rue Baker",Municipale,Municipale,"286990,7657",5042002465.0,,-73.727966,45.51771,,
Parc Noël-Nord,Saint-Laurent,,,,,,4157130.0,Pataugeoire,"2 900, Rue Baker",Municipale,Municipale,"286977,6179",5041892154.0,,-73.728128,45.516719,,
Parc Noël-Nord,Saint-Laurent,,,,,,4157130.0,Jeu d'eau,"2 900, rue Baker",Municipale,Municipale,286879966.0,5041958921.0,,-73.729385,45.517311,,
Parc Alexis-Nihon,Saint-Laurent,,,,,,4032625.0,Pataugeoire,"2 999, Rue Badeaux",Municipale,Municipale,"289920,3954",5039729605.0,,-73.690393,45.497325,,
Parc Jarry,Villeray–Saint-Michel–Parc-Extension,,,,,,3123106.0,Piscine extérieure,"205, Rue Faillon Ouest",Municipale,Municipale,"294739,0881","5043921,28",,-73.628819,45.535132,,
Parc Louis-Cyr,Le Sud-Ouest,,,,,,1035819.0,Jeu d'eau,"205, Rue Saint-Ferdinand",Municipale,Municipale,"298387,8063",5037338695.0,,-73.582025,45.475939,,
Piscine Association sportive et communautaire Centre-S,Ville-Marie,,,,,,0.0,Piscine intérieure,2093 de la Visitation,,,"299903,3359",5042550548.0,,-73.562687,45.522851,,
Parc Étienne-Desmarteau,Rosemont–La Petite-Patrie,,,,,,2011547.0,Jeu d'eau,20e Avenue / Rue Beaubien Est,Municipale,Municipale,"298533,3149",5046592138.0,,-73.580276,45.559211,,
Plage du cap Saint-Jacques,Pierrefonds-Roxborro,,,,,,0.0,Plage,21 115 boul Gouin ouest,,,"270202,8135",5035872453.0,,-73.942413,45.46192,,
Jeux d'eau St-André-Apôtre,Ahuntsic-Cartierville,,,,,,0.0,Jeux d'eau,215 Prieur Ouest,,,"291475,4592",5045137048.0,,-73.670644,45.546019,,
Piscine du Vieux-Montréal,Ville-Marie,,,,,,0.0,Piscine intérieure,255 rue Ontario est,,,"299607,0563",5041572973.0,,-73.566465,45.514048,,
Jeux d'eau St-Simon-Apôtre,Ahuntsic-Cartierville,,,,,,0.0,Jeux d'eau,260 rue Legendre O,,,"293178,8526",5044454912.0,,-73.648819,45.539904,,
Parc Elgar,Verdun,,,,,,5087211.0,Piscine extérieure,"260, Rue Elgar",Municipale,Municipale,"301054,5703",5035265394.0,,-73.547897,45.457304,,
Parc Elgar,Verdun,,,,,,5087211.0,Pataugeoire,"260, Rue Elgar",Municipale,Municipale,"300594,0254",5035019351.0,,-73.553777,45.455088,,
Parc Painter,Saint-Laurent,,,,,,5082586.0,Piscine extérieure,"260, Rue Marcotte",Municipale,Municipale,"291051,1904",5043134284.0,,-73.676018,45.527988,,
Parc Painter,Saint-Laurent,,,,,,5082586.0,Pataugeoire,"260, Rue Marcotte",Municipale,Municipale,"291095,7066",5043264457.0,,-73.675458,45.529158,,
Parc Painter,Saint-Laurent,,,,,,5082586.0,Jeu d'eau,"260, rue Marcotte",Municipale,Municipale,"290955,6502",5043241505.0,,-73.67725,45.528948,,
Parc Bourbonnière,Saint-Laurent,,,,,,5015687.0,Piscine extérieure,"2800, Rue Cazeneuve",Municipale,Municipale,"288959,4085",5040233074.0,,-73.702706,45.501839,,
Parc Bourbonnière,Saint-Laurent,,,,,,5015687.0,Pataugeoire,"2800, Rue Cazeneuve",Municipale,Municipale,"288998,5467",5040326033.0,,-73.70221,45.502677,,
Parc Pierre-Bernard,Mercier–Hochelaga-Maisonneuve,,,,,,2145363.0,Pataugeoire,"3 170, Boulevard Pierre-Bernard",Municipale,Municipale,"302830,7633",5051697441.0,,-73.525255,45.605173,,
Parc Lafond,Rosemont–La Petite-Patrie,,,,,,5071905.0,Pataugeoire,"3 500, Avenue Laurier Est",Municipale,Municipale,"299478,4815",5045795841.0,,-73.568162,45.552047,,
Parc de Kent,Côte-des-Neiges–Notre-Dame-de-Grâce,,,,,,3006474.0,Pataugeoire,"3 533, Avenue de Kent",Municipale,Municipale,"294480,4208",5040457946.0,,-73.632063,45.503958,,
Parc de Kent,Côte-des-Neiges–Notre-Dame-de-Grâce,,,,,,3006474.0,Jeu d'eau,"3 533, Avenue de Kent",Municipale,Municipale,"294480,4208",5040457946.0,,-73.632063,45.503958,,
Parc Arthur-Therrien,Verdun,,,,,,5073228.0,Jeu d'eau,"3 750, Boulevard Gaétan-Laberge",Municipale,Municipale,"299428,7771",5034263288.0,,-73.568677,45.448277,,
Parc Ménard,Montréal-Nord,,,,,,2083497.0,Pataugeoire,"3 781, Place Ménard",Municipale,Municipale,"293891,0207",5049690967.0,,-73.639806,45.587031,,
Bain Schubert,Le Plateau-Mont-Royal,,,,,,1041817.0,Piscine intérieure,"3 950, Boulevard Saint-Laurent",Municipale,Municipale,298644329.0,5041840169.0,Piscine récréative,-73.578794,45.516452,,
Parc Ménard,LaSalle,,,,,,4143045.0,Piscine extérieure,"300, Rue Clément",Municipale,Privé,"292815,8028",5032646392.0,,-73.653179,45.433645,,
Parc Poirier,Verdun,,,,,,5019334.0,Jeu d'eau,3215 boul Lasalle,Municipale,Municipale,"299396,4767",5036784661.0,,-73.569113,45.470962,,
Piscine Pierrefonds park,Pierrefonds-Roxborro,,,,,,0.0,Piscine extérieure,355 chemin Rive-Boisée,,,"277188,5376",5040003172.0,,-73.853316,45.499403,,
Parc Des Pins,Rivière-des-Prairies–Pointe-aux-Trembles,,,,,,0.0,Jeu d'eau,3995 Rue 42e,Municipale,Municipale,"303514,0623",5058559893.0,,-73.516504,45.66692,,
Piscine intérieure Saint-Henri,Le Sud-Ouest,,,,,,1123220.0,Piscine intérieure,"4 055, Rue St-Jacques",Municipale,Municipale,"297967,0348",5037586499.0,Piscine compétitive,-73.5874,45.478166,,
Parc Carignan,Lachine,,,,,,5052735.0,Pataugeoire,"4 100, Rue Provost",Municipale,Municipale,"288993,9524",5033747338.0,,-73.702062,45.443476,,
Parc De Sienne,Villeray–Saint-Michel–Parc-Extension,,,,,,2145385.0,Pataugeoire,"4 151, Rue 53e",Municipale,Municipale,"294960,3328","5049199,9",,-73.626096,45.582628,,
Parc Jeanne-Mance,Le Plateau-Mont-Royal,,,,,,1003664.0,Pataugeoire,"4 167, Avenue de l’Esplanade",Municipale,Municipale,"297684,1752",5040632413.0,,-73.591064,45.505573,,
Parc Primeau,Montréal-Nord,,,,,,2083978.0,Piscine extérieure,"4 209, Rue de Castille",Municipale,Municipale,"294182,9617",5050367533.0,,-73.636091,45.593127,,
Parc Primeau,Montréal-Nord,,,,,,2083978.0,Pataugeoire,"4 209, Rue de Castille",Municipale,Municipale,"294182,9617",5050367533.0,,-73.636091,45.593127,,
René-Goupil,Villeray–Saint-Michel–Parc-Extension,,,,,,2017640.0,Piscine intérieure,"4 250, Rue du Parc-René-Goupil",Municipale,Municipale,"296151,4725",5048669049.0,Piscine récréative,-73.610824,45.577875,,
Parc René-Goupil,Villeray–Saint-Michel–Parc-Extension,,,,,,2017640.0,Pataugeoire,"4 250, Rue du Parc-René-Goupil",Municipale,Municipale,"296249,3471",5048618304.0,,-73.609568,45.577418,,
Maisonneuve,Mercier–Hochelaga-Maisonneuve,,,,,,5089500.0,Piscine extérieure,"4 350, Rue de Rouen",Municipale,Privé,"301520,9715",5046038005.0,,-73.542011,45.554247,,
Maisonneuve,Mercier–Hochelaga-Maisonneuve,,,,,,5089500.0,Pataugeoire,"4 350, Rue de Rouen",Municipale,Privé,"301520,9715",5046038005.0,,-73.542011,45.554247,,
Parc Morgan,Mercier–Hochelaga-Maisonneuve,,,,,,2071510.0,Jeu d'eau,"4 370, Rue Sainte-Catherine Est",Municipale,Municipale,"302221,9549",5045723134.0,,-73.533031,45.551415,,
Parc Luigi Pirandello,Saint-Léonard,,,,,,2088720.0,Jeu d'eau,"4 550, Rue de Compiègne",Municipale,Privé,"296721,1839",5048699381.0,,-73.603521,45.578152,,
Parc Sir George-Étienne-Cartier,Le Sud-Ouest,,,,,,1046323.0,Piscine extérieure,"4 550, Rue Sainte-Émilie",Municipale,Municipale,"298045,6165",5037056587.0,,-73.586395,45.473398,,
Parc Sauvé,Montréal-Nord,,,,,,2084556.0,Pataugeoire,"4 701, Rue de Bayonne",Municipale,Municipale,294162877.0,5051110104.0,,-73.636364,45.599812,,
Parc Coubertin,Saint-Léonard,,,,,,2092471.0,Jeu d'eau,"4 755, Rue Valéry",Municipale,Privé,296256853.0,5049470966.0,,-73.609493,45.585084,,
Centre sportif Côte-des-Neiges,Côte-des-Neiges–Notre-Dame-de-Grâce,,,,,,5005023.0,Piscine intérieure,"4 880, Avenue Van Horne",Municipale,OBNL,"294009,0706",5039206095.0,Complexe aquatique,-73.638062,45.492694,,
Parc Van Horne,Côte-des-Neiges–Notre-Dame-de-Grâce,,,,,,3007015.0,Pataugeoire,"4 900, Avenue Van Horne",Municipale,Municipale,"293956,4134",5039088994.0,,-73.638738,45.491631,,
Parc Mackenzie-King,Côte-des-Neiges–Notre-Dame-de-Grâce,,,,,,3073051.0,Jeu d'eau,"4 905, Avenue Saint-Kevin",Municipale,Municipale,"294352,7698",5038897595.0,,-73.633667,45.489919,,
St-Roch,Villeray–Saint-Michel–Parc-Extension,,,,,,5126259.0,Piscine intérieure,"400, Avenue Ball",Municipale,Privé,"294567,6056",5043571606.0,Piscine récréative,-73.631014,45.53198,,
Parc de l’Honorable-George-O’Reilly,Verdun,,,,,,5073228.0,Jeu d'eau,"4390-4400, Boul Lasalle",Municipale,Municipale,"299428,7771",5034263288.0,,-73.568677,45.448277,,
Piscine Valleycrest,Pierrefonds-Roxborro,,,,,,0.0,Piscine extérieure,4600 rue Cageux,,,"275004,0857",5035394197.0,,-73.880981,45.45784,,
Parc Le Ber,Le Sud-Ouest,,,,,,5033990.0,Pataugeoire,"470, Rue Fortune",Municipale,Municipale,"300569,5609",5037485349.0,,-73.554118,45.477278,,
Parc Lasalle,Lachine,,,,,,5060035.0,Piscine extérieure,"475, 10e Avenue",Municipale,Municipale,"291104,1199",5033162161.0,,-73.675061,45.438256,,
Parc Maria-Goretti,Rivière-des-Prairies–Pointe-aux-Trembles,,,,,,5082406.0,Piscine extérieure,"488, 85e Avenue",Municipale,Municipale,"305791,8604",5061314139.0,,-73.487276,45.691711,,
Parc Maria-Goretti,Rivière-des-Prairies–Pointe-aux-Trembles,,,,,,5082406.0,Pataugeoire,"488, 85e Avenue",Municipale,Municipale,"305791,8604",5061314139.0,,-73.487276,45.691711,,
Parc Eugène-D’Ostie,L'Île-Bizard–Sainte-Geneviève,,,,,,4053724.0,Piscine extérieure,"488, Montée de l’Église, L'Île-Bizard",Municipale,Municipale,"274821,8474",5038563963.0,,-73.883515,45.486348,,
Parc Eugène-D’Ostie,L'Île-Bizard–Sainte-Geneviève,,,,,,4053724.0,Pataugeoire,"488, Montée de l’Église, L'Île-Bizard",Municipale,Municipale,"274821,8474",5038563963.0,,-73.883515,45.486348,,
Parc Nelson Mandela,Côte-des-Neiges–Notre-Dame-de-Grâce,,,,,,3042233.0,Jeu d'eau,"4920, Rue Vézina",Municipale,Municipale,"293549,2598",5039448798.0,,-73.643953,45.494864,,
Parc Mgr J.A. Richard,Verdun,,,,,,5073228.0,Jeu d'eau,"5 040, Boulevard LaSalle",Municipale,Municipale,"299428,7771",5034263288.0,,-73.568677,45.448277,,
Parc de la Savanne,Côte-des-Neiges–Notre-Dame-de-Grâce,,,,,,3040406.0,Jeu d'eau,"5 111, Rue Paré",Municipale,Municipale,"292702,3142","5039879,71",,-73.654801,45.498728,,
Piscine intérieure de Saint-Léonard,Saint-Léonard,,,,,,2090635.0,Piscine intérieure,"5 115, Rue des Galets",Municipale,Privé,"297141,8069",5049498419.0,Complexe aquatique,-73.598152,45.585346,,
Parc Pie XII,Saint-Léonard,,,,,,2094987.0,Piscine extérieure,"5 200, Boulevard Lavoisier",Municipale,Privé,"296410,0821",5049848472.0,,-73.607526,45.588487,,
Parc Pie XII,Saint-Léonard,,,,,,2094987.0,Pataugeoire,"5 200, Boulevard Lavoisier",Municipale,Privé,"296410,0821",5049848472.0,,-73.607526,45.588487,,
Parc Sir Wilfrid-Laurier,Le Plateau-Mont-Royal,,,,,,1028133.0,Piscine extérieure,"5 200, Rue De Brébeuf",Municipale,Municipale,"297940,1453",5043583508.0,,-73.58783,45.53213,,
Parc Sir Wilfrid-Laurier,Le Plateau-Mont-Royal,,,,,,1028133.0,Pataugeoire,"5 200, Rue De Brébeuf",Municipale,Municipale,"297940,1453",5043583508.0,,-73.58783,45.53213,,
Parc Cité-Jardin,Rosemont–La Petite-Patrie,,,,,,2010590.0,Pataugeoire,"5 220, Boulevard Rosemont",Municipale,Municipale,"299962,0804",5047932727.0,,-73.561985,45.57128,,
Parc Jean-Brillant,Côte-des-Neiges–Notre-Dame-de-Grâce,,,,,,3074458.0,Pataugeoire,"5 252, Avenue Decelles",Municipale,Municipale,"295437,9104","5039676,14",,-73.619801,45.496944,,
Parc Jean-Brillant,Côte-des-Neiges–Notre-Dame-de-Grâce,,,,,,3074458.0,Jeu d'eau,"5 252, Avenue Decelles",Municipale,Municipale,"295437,9104","5039676,14",,-73.619801,45.496944,,
Centre communautaire Notre-Dame-de-Grâce,Côte-des-Neiges–Notre-Dame-de-Grâce,,,,,,3065293.0,Piscine intérieure,"5 311, Chemin de la Côte-Saint-Antoine",Municipale,Municipale,"295898,1254",5037368988.0,Piscine récréative,-73.613861,45.476181,,
Parc McDonald,Côte-des-Neiges–Notre-Dame-de-Grâce,,,,,,3033630.0,Pataugeoire,"5 355, Avenue Clanranald",Municipale,Municipale,"294163,3637",5038216469.0,,-73.636071,45.483788,,
Complexe sportif Gadbois,Le Sud-Ouest,,,,,,5007586.0,Piscine intérieure,"5 485, Chemin De la Côte-Saint-Paul",Municipale,Municipale,"297313,4215",5036328297.0,Piscine compétitive,-73.595746,45.46684,,
Parc Chénier,Anjou,,,,,,2164916.0,Piscine extérieure,"5 555, Avenue de l’Aréna",Municipale,Privé,301422701.0,5051453457.0,,-73.543303,45.602972,,
Parc Chénier,Anjou,,,,,,2164916.0,Pataugeoire,"5 555, Avenue de l’Aréna",Municipale,Privé,301422701.0,5051453457.0,,-73.543303,45.602972,,
Léon-Provencher,Rosemont–La Petite-Patrie,,,,,,2067929.0,Pataugeoire,"5 555, Boulevard Pie-IX",Municipale,Municipale,"299808,6205",5046893887.0,,-73.563947,45.56193,,
Parc Pierre-Bédard,Mercier–Hochelaga-Maisonneuve,,,,,,2055025.0,Pataugeoire,"5 855, Rue Turenne",Municipale,Municipale,"300513,0846",5048665368.0,,-73.554932,45.57788,,
Parc Ignace-Bourget,Le Sud-Ouest,,,,,,1129831.0,Piscine extérieure,"5 925, Avenue De Montmagny",Municipale,Municipale,"296402,7493",5035017941.0,,-73.607374,45.455032,,
Piscine Roxboro,Pierrefonds-Roxborro,,,,,,0.0,Piscine extérieure,51 ave Georges-Vanier,,,"280585,3356",5041060784.0,,-73.809902,45.50904,,
Parc Lacharité,LaSalle,,,,,,4049099.0,Piscine extérieure,"55, Avenue Latour",Municipale,Privé,"295203,7654",5030924055.0,,-73.622624,45.418186,,
Parc de la Fontaine,Verdun,,,,,,1053978.0,Piscine extérieure,"550, Place de la Fontaine",Municipale,Municipale,"301305,8553",5035965042.0,,-73.544693,45.463605,,
Parc de la Fontaine,Verdun,,,,,,1053978.0,Pataugeoire,"550, Place de la Fontaine",Municipale,Municipale,"301305,8553",5035965042.0,,-73.544693,45.463605,,
Parc Vinet,Le Sud-Ouest,,,,,,1048440.0,Pataugeoire,"550, Rue Vinet",Municipale,Municipale,"298878,1523",5038234701.0,,-73.575756,45.484006,,
Parc Raymond,LaSalle,,,,,,4045983.0,Piscine extérieure,"555, Boulevard Bishop-Power",Municipale,Privé,296731981.0,5032023632.0,,-73.603119,45.428095,,
Parc Ferland,Saint-Léonard,,,,,,2095006.0,Piscine extérieure,"6 020, Boulevard Lavoisier",Municipale,Privé,"297176,1447",5050736338.0,,-73.597723,45.596487,,
Parc Ferland,Saint-Léonard,,,,,,2095006.0,Jeu d'eau,"6 020, Boulevard Lavoisier",Municipale,Privé,"297176,1447",5050736338.0,,-73.597723,45.596487,,
Parc De L’Ukraine,Rosemont–La Petite-Patrie,,,,,,2020249.0,Pataugeoire,"6 041, 12e Avenue",Municipale,Municipale,"298363,3005",5046145185.0,,-73.582448,45.555187,,
Parc Delorme,Saint-Léonard,,,,,,2091811.0,Jeu d'eau,"6 060, Rue de Honfleur",Municipale,Privé,"297848,3497",5050148451.0,,-73.589101,45.591203,,
Bain Émard,Le Sud-Ouest,,,,,,5088615.0,Piscine intérieure,"6 071, Rue Laurendeau",Municipale,Municipale,"297803,5283","5035323,57",Piscine récréative,-73.589466,45.457801,,
Édouard-Montpetit,Mercier–Hochelaga-Maisonneuve,,,,,,2054519.0,Piscine intérieure,"6 100, Avenue Pierre-de-Coubertin",Municipale,Municipale,"301882,2974",5048409183.0,Piscine compétitive,-73.537388,45.575583,,
Parc Henri-Bourassa,Montréal-Nord,,,,,,2080581.0,Pataugeoire,"6 100, Rue Pascal",Municipale,Municipale,"295254,9627",5052882425.0,,-73.6224,45.615773,,
Centre Rosemont,Rosemont–La Petite-Patrie,,,,,,3069278.0,Piscine intérieure,"6 101, 8e Avenue",Municipale,Municipale,"297313,3307",5044453022.0,Piscine récréative,-73.59587,45.539952,,
Parc Jean-Amyot,Mercier–Hochelaga-Maisonneuve,,,,,,2055167.0,Pataugeoire,"6 110, Rue de Marseille",Municipale,Municipale,"301704,6533",5048454028.0,,-73.539669,45.575987,,
Parc Bocage,Anjou,,,,,,2036764.0,Pataugeoire,"6 200, Avenue du Bocage",Municipale,Privé,"300755,4698",5050299696.0,,-73.551844,45.592584,,
Parc Bocage,Anjou,,,,,,2036764.0,Jeu d'eau,"6 200, Avenue du Bocage",Municipale,Privé,"300755,4698",5050299696.0,,-73.551844,45.592584,,
Parc Joseph-Paré,Rosemont–La Petite-Patrie,,,,,,2011678.0,Pataugeoire,"6 225, Rue 41e",Municipale,Municipale,"299223,6249",5048331366.0,,-73.571457,45.574865,,
De la Louisiane,Rosemont–La Petite-Patrie,,,,,,2011597.0,Pataugeoire,"6 244, 35e Avenue",Municipale,Municipale,"299154,4545",5047604196.0,,-73.572333,45.568323,,
Parc de Kent,Côte-des-Neiges–Notre-Dame-de-Grâce,,,,,,3006474.0,Piscine extérieure,"6 262, Chemin Hudson",Municipale,Municipale,"294480,4208",5040457946.0,,-73.632063,45.503958,,
Parc de la Confédération,Côte-des-Neiges–Notre-Dame-de-Grâce,,,,,,3066686.0,Piscine extérieure,"6 265, Avenue Biermans",Municipale,Municipale,"293982,2718",5036902453.0,,-73.638357,45.471961,,
Centre sportif de Notre-Dame-de-Grâce,Côte-des-Neiges–Notre-Dame-de-Grâce,,,,,,3065833.0,Piscine intérieure,"6 445, Avenue Monkland",Municipale,Privé,"294423,0373",5036292024.0,Piscine compétitive,-73.632704,45.466479,,
Parc Tardif,Montréal-Nord,,,,,,2081039.0,Pataugeoire,"6 455, Rue Tardif",Municipale,Municipale,"295685,9704",5053165013.0,,-73.616879,45.618325,,
Natatorium de Verdun,Verdun,,,,,,5073228.0,Piscine extérieure,"6 500, Boulevard LaSalle",Municipale,Municipale,"298938,9342","5033764,13",,-73.574935,45.443783,,
Natatorium de Verdun,Verdun,,,,,,5073228.0,Pataugeoire,"6 500, Boulevard LaSalle",Municipale,Municipale,"299428,7771",5034263288.0,,-73.568677,45.448277,,
Natatorium Verdun,Verdun,,,,,,5073228.0,Jeu d'eau,"6 500, Boulevard LaSalle",Municipale,Municipale,"299428,7771",5034263288.0,,-73.568677,45.448277,,
Parc Joseph-Paré,Rosemont–La Petite-Patrie,,,,,,2011678.0,Piscine extérieure,"6 525, Rue 41e",Municipale,Municipale,"299223,6249",5048331366.0,,-73.571457,45.574865,,
Parc Beaubien,Rosemont–La Petite-Patrie,,,,,,2011915.0,Pataugeoire,"6 633, 6e Avenue",Municipale,Municipale,"297777,7771",5045968228.0,,-73.589951,45.553589,,
Parc De Gaspé,Rosemont–La Petite-Patrie,,,,,,3080482.0,Pataugeoire,"6 655, Avenue De Gaspé",Municipale,Municipale,"296282,86","5043707,21",,-73.609059,45.533227,,
Parc Rosemary-Brown,Côte-des-Neiges–Notre-Dame-de-Grâce,,,,,,3033394.0,Pataugeoire,"6 665, Avenue McLynn",Municipale,Municipale,"293228,1198",5038899095.0,,-73.648047,45.489919,,
Parc Saint-Donat,Mercier–Hochelaga-Maisonneuve,,,,,,2055878.0,Pataugeoire,"6 800, Rue de Marseille",Municipale,Municipale,"301978,4233",5049185918.0,,-73.536163,45.582566,,
Parc Trenholme,Côte-des-Neiges–Notre-Dame-de-Grâce,,,,,,3064845.0,Pataugeoire,"6 800, Rue Sherbrooke Ouest",Municipale,Municipale,"294507,4011",5035648762.0,,-73.631616,45.460685,,
Parc curé Albert-Arnold,Le Sud-Ouest,,,,,,1013876.0,Pataugeoire,"6 855, Rue Hamilton",Municipale,Municipale,"297320,3666",5034424653.0,,-73.595628,45.449707,,
Parc Riverside,LaSalle,,,,,,4046808.0,Piscine extérieure,"625, 35e Avenue",Municipale,Privé,"295940,2001",5031131875.0,,-73.613211,45.420058,,
Parc Riverside,LaSalle,,,,,,4047994.0,Jeu d'eau,"625, 35e Avenue",Municipale,Privé,"296057,9861",5031171949.0,,-73.611717,45.42042,,
Parc Benny,Côte-des-Neiges–Notre-Dame-de-Grâce,,,,,,3065833.0,Jeu d'eau,"6445, avenue Monkland",Municipale,Municipale,"294423,0373",5036292024.0,,-73.632704,45.466479,,
Parc Dixie,Lachine,,,,,,5088238.0,Piscine extérieure,"695, 54e Avenue",Municipale,OBNL,"287744,8847",5033783241.0,,-73.718029,45.44377,,
Parc Bélair,Villeray–Saint-Michel–Parc-Extension,,,,,,2060321.0,Pataugeoire,"7 035, 2e Avenue",Municipale,Municipale,"297190,0184",5046106651.0,,-73.597471,45.554825,,
Parc Lucie-Bruneau,Anjou,,,,,,5018645.0,Piscine extérieure,"7 051, Avenue de l’Alsace",Municipale,Privé,"298272,3381",5051460248.0,,-73.583684,45.603013,,
Parc Lucie-Bruneau,Anjou,,,,,,5018645.0,Pataugeoire,"7 051, Avenue de l’Alsace",Municipale,Privé,"298272,3381",5051460248.0,,-73.583684,45.603013,,
Parc Loyola,Côte-des-Neiges–Notre-Dame-de-Grâce,,,,,,3066567.0,Pataugeoire,"7 069, Avenue Somerland",Municipale,Municipale,"293385,1183","5035738,34",,-73.645965,45.461477,,
Parc des Roseraies,Anjou,,,,,,5068257.0,Piscine extérieure,"7 070, Avenue de la Nantaise",Municipale,Privé,"300500,6874",5050386914.0,,-73.555113,45.593366,,
Bain St-Denis,Rosemont–La Petite-Patrie,,,,,,3044179.0,Piscine intérieure,"7 075, Rue Saint-Hubert",Municipale,Municipale,"296061,2442",5044501726.0,Piscine récréative,-73.611903,45.540369,,
Parc G. Garibaldi,Saint-Léonard,,,,,,2087210.0,Piscine extérieure,"7 125, Rue Liénart",Municipale,Privé,"299217,3232",5049704338.0,,-73.57155,45.58722,,
Parc G. Garibaldi,Saint-Léonard,,,,,,2087210.0,Jeu d'eau,"7 125, Rue Liénart",Municipale,Privé,"299217,3232",5049704338.0,,-73.57155,45.58722,,
Parc Turin,Villeray–Saint-Michel–Parc-Extension,,,,,,3013747.0,Pataugeoire,"7 205, Rue Chambort",Municipale,Municipale,"296158,1454","5045059,33",,-73.610671,45.545391,,
Patro Le Prévost,Villeray–Saint-Michel–Parc-Extension,,,,,,3014811.0,Piscine intérieure,"7 355, Avenue Christophe-Colomb",Municipale,OBNL,"295932,0012",5044873002.0,Piscine récréative,-73.613562,45.543715,,
Parc De Normanville,Villeray–Saint-Michel–Parc-Extension,,,,,,3014194.0,Pataugeoire,"7 480, Rue De Normanville",Municipale,Municipale,"295760,9641",5045092753.0,,-73.615768,45.545683,,
Parc Roger-Rousseau,Anjou,,,,,,5010387.0,Piscine extérieure,"7 501, Avenue Rondeau",Municipale,Privé,"300901,7124",5052992126.0,,-73.549995,45.616818,,
Parc Roger-Rousseau,Anjou,,,,,,5010387.0,Pataugeoire,"7 501, Avenue Rondeau",Municipale,Privé,"300901,7124",5052992126.0,,-73.549995,45.616818,,
Parc Roger Rousseau,Anjou,,,,,,5010387.0,Jeu d'eau,"7 501, Avenue Rondeau",Municipale,Privé,"300901,7124",5052992126.0,,-73.549995,45.616818,,
Parc François-Perrault,Villeray–Saint-Michel–Parc-Extension,,,,,,2062331.0,Piscine extérieure,"7 525, Rue François-Perrault",Municipale,Municipale,"296911,0355",5046969854.0,,-73.601059,45.562587,,
Parc Leroux,LaSalle,,,,,,4048051.0,Piscine extérieure,"7 540, Rue Centrale",Municipale,Privé,297331444.0,5032712678.0,,-73.595461,45.434301,,
Parc Leroux,LaSalle,,,,,,4048051.0,Jeu d'eau,"7 540, Rue Centrale",Municipale,Privé,297331444.0,5032712678.0,,-73.595461,45.434301,,
Parc Ladauversière,Saint-Léonard,,,,,,2085259.0,Piscine extérieure,"7 560, Boulevard Lacordaire",Municipale,Privé,"298302,2547",5049070747.0,,-73.583268,45.581507,,
Parc Ladauversière,Saint-Léonard,,,,,,2085259.0,Pataugeoire,"7 560, Boulevard Lacordaire",Municipale,Privé,"298302,2547",5049070747.0,,-73.583268,45.581507,,
Parc François-Perrault,Villeray–Saint-Michel–Parc-Extension,,,,,,2062331.0,Pataugeoire,"7 601, Rue François-Perrault",Municipale,Municipale,"297023,1631",5046904408.0,,-73.599623,45.562003,,
Parc Hébert,Saint-Léonard,,,,,,2082478.0,Piscine extérieure,"7 655, Rue Colbert",Municipale,Privé,"297567,1893",5048112095.0,,-73.592672,45.572879,,
Parc Nicolas-Tillemont,Villeray–Saint-Michel–Parc-Extension,,,,,,2011794.0,Pataugeoire,"7 833, Avenue Des Érables",Municipale,Municipale,"296042,1988",5046117172.0,,-73.612175,45.55491,,
Parc Jarry,Villeray–Saint-Michel–Parc-Extension,,,,,,3123106.0,Pataugeoire,"7 920, Boulevard Saint-Laurent",Municipale,Municipale,"294848,0731",5043953133.0,,-73.627424,45.535422,,
Parc Gohier,Saint-Laurent,,,,,,4040258.0,Jeu d'eau,"730, Rue Buchanam",Municipale,Municipale,"290623,8945",5040922751.0,,-73.681433,45.508075,,
Jeux d'eau de l'Estre,Villeray–Saint-Michel–Parc-Extension,,,,,,0.0,Jeux d'eau,7930 ave Bloomfield,,,"294379,3377",5043391829.0,,-73.633417,45.530358,,
Parc Liébert,Mercier–Hochelaga-Maisonneuve,,,,,,2006464.0,Jeu d'eau,"8 055, Avenue Pierre-de-Coubertin",Municipale,Municipale,"302664,8484",5050703095.0,,-73.527379,45.596228,,
Parc Talcy,Anjou,,,,,,5075187.0,Pataugeoire,"8 151, Avenue Talcy",Municipale,Privé,300118683.0,5051922993.0,,-73.560024,45.607185,,
Parc Talcy,Anjou,,,,,,5075187.0,Jeu d'eau,"8 151, Avenue Talcy",Municipale,Privé,300118683.0,5051922993.0,,-73.560024,45.607185,,
Joseph-Charbonneau,Villeray–Saint-Michel–Parc-Extension,,,,,,3012132.0,Piscine intérieure,"8 200, Rue Rousselot",Municipale,Municipale,"295181,1815",5045689471.0,Piscine compétitive,-73.623195,45.551048,,
Parc André-Laurendeau,Anjou,,,,,,5031157.0,Pataugeoire,"8 361, Avenue André-Laurendeau",Municipale,Privé,299359252.0,5051600462.0,,-73.569751,45.604282,,
Parc Peterborough,Anjou,,,,,,2032190.0,Jeu d'eau,"8 400,Boulevard Châteauneuf",Municipale,Privé,"300466,8693",5052322791.0,,-73.555566,45.610786,,
Parc Verdelle,Anjou,,,,,,2031382.0,Piscine extérieure,"8 441, Place Verdelles",Municipale,Privé,"300932,7921",5052058066.0,,-73.54959,45.608413,,
Parc Verdelle,Anjou,,,,,,2031382.0,Pataugeoire,"8 441, Place Verdelles",Municipale,Privé,"300932,7921",5052058066.0,,-73.54959,45.608413,,
Georges-Vernot,Villeray–Saint-Michel–Parc-Extension,,,,,,5101787.0,Piscine intérieure,"8 475, 13e Avenue",Municipale,Municipale,"295862,3359",5047623838.0,Piscine compétitive,-73.614508,45.568459,,
Parc Lefebvre,LaSalle,,,,,,4033627.0,Piscine extérieure,"8 600, Rue Hardy",Municipale,Privé,"294205,3476",5032846791.0,,-73.635418,45.435467,,
Parc Lefebvre,LaSalle,,,,,,4033627.0,Jeu d'eau,"8 600, Rue Hardy",Municipale,Privé,"294205,3476",5032846791.0,,-73.635418,45.435467,,
Parc Sainte-Yvette,Villeray–Saint-Michel–Parc-Extension,,,,,,2026106.0,Pataugeoire,"8 950, 10e Avenue",Municipale,Municipale,"294969,3317",5047770472.0,,-73.625952,45.56977,,
Parc Chamberland,Saint-Laurent,,,,,,4098279.0,Piscine extérieure,"800, Rue Dorais",Municipale,Municipale,"289960,7379",5040358736.0,,-73.689901,45.502986,,
Parc Chamberland,Saint-Laurent,,,,,,4098279.0,Pataugeoire,"800, Rue Dorais",Municipale,Municipale,"290045,9183",5040313592.0,,-73.688812,45.502583,,
Parc Willibrord,Verdun,,,,,,1048235.0,Jeu d'eau,"800, Rue Willibrord",Municipale,Municipale,"299023,4547",5035467584.0,,-73.573868,45.459108,,
Parc Campbell-Centre,Le Sud-Ouest,,,,,,5096175.0,Pataugeoire,"810, Rue Chatham",Municipale,Municipale,"299000,1862",5038804066.0,,-73.574202,45.489136,,
Parc St-Laurent,Saint-Laurent,,,,,,5016546.0,Piscine extérieure,"845, Rue Poirier",Municipale,Municipale,"290176,1758","5042982,52",,-73.687215,45.526602,,
Parc St-Laurent,Saint-Laurent,,,,,,5016546.0,Pataugeoire,"845, Rue Poirier",Municipale,Municipale,"290219,2815",5043106542.0,,-73.686668,45.527719,,
Parc St-Laurent,Saint-Laurent,,,,,,5016546.0,Jeu d'eau,"845, rue Poirier",Municipale,Municipale,"290047,9639",5043021643.0,,-73.688868,45.52695,,
Parc Decelles,Saint-Laurent,,,,,,4034718.0,Piscine extérieure,"845, Rue Roy",Municipale,Municipale,"290861,7018",5041517458.0,,-73.678404,45.513433,,
Parc Decelles,Saint-Laurent,,,,,,4034718.0,Pataugeoire,"845, Rue Roy",Municipale,Municipale,"290959,0237",5041513418.0,,-73.67715,45.513399,,
Parc Decelles,Saint-Laurent,,,,,,4034718.0,Jeu d'eau,"845, Rue Roy",Municipale,Municipale,"290899,1574","5041637,99",,-73.677921,45.514514,,
Jeux d'eau Howard,Villeray–Saint-Michel–Parc-Extension,,,,,,0.0,Jeux d'eau,8505 ave de l'Épée,,,"293711,9497",5043791028.0,,-73.641979,45.533947,,
Parc John-F-Kennedy,Outremont,,,,,,3036307.0,Piscine extérieure,"860, Avenue Outremont",Municipale,Privé,295743057.0,5042393953.0,,-73.615936,45.521396,,
Parc John-F.-Kennedy,Outremont,,,,,,3036307.0,Pataugeoire,"860, Avenue Outremont",Municipale,Privé,295743057.0,5042393953.0,,-73.615936,45.521396,,
Jeux d'eau Saint-Alphonse,Ahuntsic-Cartierville,,,,,,0.0,Jeux d'eau,8888 de Châteaubrian,,,"293997,7952",5045460699.0,,-73.638354,45.54897,,
Parc Sainte-Lucie,Villeray–Saint-Michel–Parc-Extension,,,,,,2020378.0,Piscine extérieure,"9 093, 16e Avenue",Municipale,Municipale,"294906,5867",5048430506.0,,-73.626772,45.575708,,
Parc Ste-Lucie,Villeray–Saint-Michel–Parc-Extension,,,,,,2020378.0,Pataugeoire,"9 093, 16e Avenue",Municipale,Municipale,"294992,0311",5048352828.0,,-73.625669,45.575007,,
Parc Saint-Victor,Mercier–Hochelaga-Maisonneuve,,,,,,5032287.0,Pataugeoire,"9 175, Rue Hochelaga",Municipale,Municipale,303417491.0,5051955176.0,,-73.517731,45.607496,,
Parc L.-O.-Taillon,Mercier–Hochelaga-Maisonneuve,,,,,,2050446.0,Piscine extérieure,"9 200, Rue Notre-Dame Est",Municipale,Municipale,"303925,6699",5051785999.0,Rénovation majeure en 2011,-73.511217,45.605967,,
Parc Dalmany,LaSalle,,,,,,4024539.0,Jeu d'eau,"9 650, Rue Dalmany",Municipale,Privé,292358483.0,5032163485.0,,-73.659007,45.42929,,
Parc Duquette,Verdun,,,,,,5089791.0,Jeu d'eau,"900, Rue Bannantyne",Municipale,Municipale,"298946,1185",5036228968.0,,-73.574862,45.465955,,
Parc Poirier,Saint-Laurent,,,,,,4030630.0,Jeu d'eau,"900, Rue Trudeau",Municipale,Municipale,"292095,1389",5041611817.0,,-73.662613,45.514303,,
Pataugeoire henri-Julien,Ahuntsic-Cartierville,,,,,,0.0,Pataugeoire,9300 rue St-Denis,,,"293201,5025","5045269,24",,-73.648544,45.547238,,
Bain Lévesque,Le Plateau-Mont-Royal,,,,,,1017231.0,Piscine intérieure,"955, Rue Marie-Anne Est",Municipale,Municipale,"298715,0666",5042928684.0,Piscine récréative,-73.577899,45.526243,,
Pataugeoire St-Paul de la Croix,Ahuntsic-Cartierville,,,,,,0.0,Pataugeoire,9900 rue Hamel,,,"292963,1673",5046779026.0,,-73.651628,45.560821,,
Parc Georges-Saint-Pierre,Côte-des-Neiges–Notre-Dame-de-Grâce,,,,,,3064583.0,Pataugeoire,"999, Avenue d’Oxford",Municipale,Municipale,"296381,6749",5036531357.0,,-73.607669,45.468656,,
Parc Père-Marquette,LaSalle,,,,,,4123964.0,Jeu d'eau,Angle des rues Bouvier et Louis-Joliet,Municipale,Privé,"295769,5011","5032318,57",,-73.615418,45.430737,,
Parc Jeannotte,LaSalle,,,,,,4027481.0,Jeu d'eau,Angle des rues Clément et Trudeau,Municipale,Privé,"293881,1969",5032504888.0,,-73.639551,45.432384,,
Parc Hochelaga,Mercier–Hochelaga-Maisonneuve,,,,,,2063743.0,Jeu d'eau,Angle Lafontaine et Davidson,Municipale,Municipale,"301319,5393",5044694075.0,,-73.544576,45.542152,,
Parc des Royaux,Ville-Marie,,,,,,1022387.0,Jeu d'eau,Ave. De Lorimier/De Rouen,Municipale,Municipale,"300143,9394",5043327453.0,,-73.559622,45.529844,,
Parc de la Confédération,Côte-des-Neiges–Notre-Dame-de-Grâce,,,,,,3066686.0,Pataugeoire,Avenue Biemans,Municipale,Municipale,"293982,2718",5036902453.0,,-73.638357,45.471961,,
Parc de la Confédération,Côte-des-Neiges–Notre-Dame-de-Grâce,,,,,,3066686.0,Jeu d'eau,Avenue Biemans,Municipale,Municipale,"293982,2718",5036902453.0,,-73.638357,45.471961,,
Parc Alphonse-Télesphore-Lépine,Le Plateau-Mont-Royal,,,,,,1031761.0,Jeu d'eau,Avenue De Gaspé,Municipale,Municipale,"297567,4615","5042885,79",,-73.592595,45.525845,,
Parc Howard,Villeray–Saint-Michel–Parc-Extension,,,,,,5082525.0,Jeu d'eau,Avenue de l’Épée,Municipale,Municipale,"273689,5099","5041122,18",,-73.898158,45.509324,,
Parc Ignace-Bourget,Le Sud-Ouest,,,,,,1129831.0,Pataugeoire,Avenue de Montmagny,Municipale,Municipale,"296402,7493",5035017941.0,,-73.607374,45.455032,,
Parc Jean-Duceppe,Rosemont–La Petite-Patrie,,,,,,5078319.0,Jeu d'eau,Avenue du Mont-Royal Est / Rue André-Laurendeau,Municipale,Municipale,"299647,0029",5044844499.0,,-73.565988,45.543491,,
Parc Jacques-Blanchet,Mercier–Hochelaga-Maisonneuve,,,,,,2064032.0,Jeu d'eau,Avenue Jeanne-d’Arc,Municipale,Municipale,"301598,8934",5045446757.0,,-73.541008,45.54892,,
Parc Laurier-Charlemagne,Rosemont–La Petite-Patrie,,,,,,5016060.0,Jeu d'eau,Avenue Laurier / Avenue Charlemagne,Municipale,Municipale,"299564,6599",5046329973.0,,-73.567067,45.556853,,
Parc Saint-Michel,Le Plateau-Mont-Royal,,,,,,5091157.0,Jeu d'eau,Avenue Laurier Est et rue Saint-Dominique,Municipale,Municipale,"297543,4176",5042694682.0,,-73.592899,45.524126,,
Parc Notre-Dame-de-Grâce,Côte-des-Neiges–Notre-Dame-de-Grâce,,,,,,3039080.0,Jeu d'eau,Avenue Marcil,Municipale,Municipale,"295866,3776",5036993461.0,,-73.614263,45.472807,,
Parc Pierre-Blanchet,Rivière-des-Prairies–Pointe-aux-Trembles,,,,,,2151127.0,Jeu d'eau,Avenue Pierre-Blanchet,Municipale,Municipale,"296700,2167",5054264739.0,,-73.603883,45.628227,,
Parc L’orée du Fleuve,Verdun,,,,,,5073228.0,Jeu d'eau,Chemin de la Pointe-Sud,Municipale,Municipale,"299428,7771",5034263288.0,,-73.568677,45.448277,,
Jeux d'eau des Hirondelles,Ahuntsic-Cartierville,,,,,,0.0,Jeux d'eau,Fleury/Larose,,,"293816,6621",5048456998.0,,-73.640739,45.575926,,
Ovila-Légaré,Villeray–Saint-Michel–Parc-Extension,,,,,,5102653.0,Jeu d'eau,Rue 51e,Municipale,Municipale,"295162,0372",5049044645.0,,-73.623504,45.581237,,
Parc des Joyeux-Vikings,Ville-Marie,,,,,,1107076.0,Jeu d'eau,Rue Beaudry,Municipale,Municipale,"300122,9639",5042331187.0,,-73.559881,45.520882,,
Parc Ménard,LaSalle,,,,,,4143045.0,Jeu d'eau,Rue Bergevin,Municipale,Privé,"292815,8028",5032646392.0,,-73.653179,45.433645,,
Parc Lawrence,LaSalle,,,,,,4034363.0,Jeu d'eau,Rue Beyries,Municipale,Privé,"294879,0621",5030918425.0,,-73.626764,45.418127,,
Parc Champdoré,Villeray–Saint-Michel–Parc-Extension,,,,,,5169307.0,Jeu d'eau,Rue Champdoré,Municipale,Municipale,"294208,4243",5047640399.0,,-73.635699,45.568589,,
Parc Clark,Le Plateau-Mont-Royal,,,,,,5073473.0,Jeu d'eau,Rue Clark,Municipale,Municipale,"296612,4463",5043057287.0,,-73.604823,45.527382,,
Parc J.D. Ducharme,LaSalle,,,,,,4042795.0,Jeu d'eau,Rue Daoust,Municipale,Privé,"295124,6393","5032004,81",,-73.623655,45.427903,,
Parc de L’Épervière,Verdun,,,,,,5036992.0,Jeu d'eau,Rue de la Vigne,Municipale,Municipale,"301121,4972",5036178403.0,,-73.547047,45.46552,,
Parc Boivin,LaSalle,,,,,,4037363.0,Jeu d'eau,Rue de Matane,Municipale,Privé,"294351,4089",5031023475.0,,-73.633513,45.419065,,
Parc des Faubourgs,Ville-Marie,,,,,,5036733.0,Jeu d'eau,Rue Dorion,Municipale,Municipale,"300366,0914",5042959867.0,,-73.556764,45.526534,,
Parc Gilles-Lefebvre,Le Plateau-Mont-Royal,,,,,,1001870.0,Jeu d'eau,Rue Drolet,Municipale,Municipale,"298225,4216",5042609564.0,,-73.584168,45.523368,,
Parc Joanette,Verdun,,,,,,5019871.0,Jeu d'eau,Rue Hickson / Rue Ethel,Municipale,Municipale,299446643.0,5036102175.0,,-73.568466,45.464826,,
Parc Victoria-Girard,Rivière-des-Prairies–Pointe-aux-Trembles,,,,,,2099605.0,Jeu d'eau,Rue Jean-Leduc,Municipale,Municipale,"304230,3133",5057183641.0,,-73.507314,45.65454,,
Parc Dollard-Morin,Rivière-des-Prairies–Pointe-aux-Trembles,,,,,,5108885.0,Jeu d'eau,Rue La Valinière,Municipale,Municipale,"297494,9257",5054152178.0,,-73.593698,45.627228,,
Parc J.O.R.-Leduc,LaSalle,,,,,,4038155.0,Jeu d'eau,Rue Paquette,Municipale,Privé,"294415,6633",5032014401.0,,-73.632716,45.427983,,
Parc Persillier-Lachapelle,Ville-Marie,,,,,,1110307.0,Jeu d'eau,Rue Plessis,Municipale,Municipale,"299973,1167",5042744577.0,,-73.561793,45.524597,,
Parc Saint-Édouard,Rosemont–La Petite-Patrie,,,,,,3010833.0,Jeu d'eau,Rue Saint-André / Rue Saint-Zotique Est,Municipale,Municipale,"296465,3211",5044312278.0,,-73.606727,45.538673,,
Parc Marie-Coron,Rivière-des-Prairies–Pointe-aux-Trembles,,,,,,5072912.0,Jeu d'eau,Rue Victor-E.-Beaupré,Municipale,Municipale,"304818,6907",5057746325.0,,-73.499769,45.659606,,
Parc Marcelle-Barthe,Ville-Marie,,,,,,5068368.0,Jeu d'eau,Rue Wolfe,Municipale,Municipale,"300011,0177",5042269521.0,,-73.561301,45.520323,,
Jeux d'eau St-Benoit,Ahuntsic-Cartierville,,,,,,0.0,Jeux d'eau,Sauvé Ouest/Meilleur,,,"291809,7388",5044552941.0,,-73.666351,45.540762,,
Piscine Émile-Legault,Saint-Laurent,,,,,,0.0,Piscine intérieure,,,,"288903,4849","5040706,59",,-73.703438,45.506094,,
Piscine Jonh F. Kennedy,Villeray–Saint-Michel–Parc-Extension,,,,,,0.0,Piscine intérieure,,,,"296710,4364",5046654674.0,,-73.603628,45.55975,,
"Aire de glissade, Ahuntsic ()",Ahuntsic - Cartierville,,2022-03-06 12:13:43,None,0,,,,,,,,,,,,0,0
"Aire de glissade, Des Hirondelles ()",Ahuntsic - Cartierville,,2022-03-06 12:13:43,None,0,,,,,,,,,,,,0,0
"Patinoire Bleu blanc bouge, De Mésy (PSE)",Ahuntsic - Cartierville,,2022-03-06 12:13:43,1,1,,,,,,,,,,,,None,1
"Patinoire avec bandes, Berthe-Louard (PSE)",Ahuntsic - Cartierville,,2022-03-06 12:13:43,1,1,,,,,,,,,,,,None,1
"Patinoire avec bandes, De Louisbourg (PSE)",Ahuntsic - Cartierville,,2022-03-06 12:13:43,1,1,,,,,,,,,,,,None,None
"Patinoire avec bandes, Henri-Julien (PSE)",Ahuntsic - Cartierville,,2022-03-06 12:13:43,1,1,,,,,,,,,,,,None,None
"Patinoire avec bandes, Saint-Alphonse (PSE)",Ahuntsic - Cartierville,,2022-03-06 12:13:43,1,1,,,,,,,,,,,,None,None
"Patinoire avec bandes, Saint-André-Apôtre (PSE)",Ahuntsic - Cartierville,,2022-03-06 12:13:43,1,1,,,,,,,,,,,,None,1
"Patinoire avec bandes, Saint-Paul-de-la-Croix (PSE)",Ahuntsic - Cartierville,,2022-03-06 12:13:43,1,1,,,,,,,,,,,,None,1
"Patinoire avec bandes, Sault-au-Récollet (PSE)",Ahuntsic - Cartierville,,2022-03-06 12:13:43,1,1,,,,,,,,,,,,None,1
"Patinoire de patin libre, Berthe-Louard (PPL)",Ahuntsic - Cartierville,,2022-03-06 12:13:43,1,1,,,,,,,,,,,,None,1
"Patinoire de patin libre, Camille (PPL)",Ahuntsic - Cartierville,,2022-03-06 12:13:43,1,1,,,,,,,,,,,,None,None
"Patinoire de patin libre, De Bordeaux (PPL)",Ahuntsic - Cartierville,,2022-03-06 12:13:43,1,1,,,,,,,,,,,,None,None
"Patinoire de patin libre, De Louisbourg (PPL)",Ahuntsic - Cartierville,,2022-03-06 12:13:43,1,1,,,,,,,,,,,,None,None
"Patinoire de patin libre, De Mésy (PPL)",Ahuntsic - Cartierville,,2022-03-06 12:13:43,1,1,,,,,,,,,,,,None,None
"Patinoire de patin libre, Des Hirondelles (PPL)",Ahuntsic - Cartierville,,2022-03-06 12:13:43,1,1,,,,,,,,,,,,None,1
"Patinoire de patin libre, Nicolas-Viel (PPL)",Ahuntsic - Cartierville,,2022-03-06 12:13:43,1,1,,,,,,,,,,,,None,1
"Patinoire de patin libre, Saint-Alphonse (PPL)",Ahuntsic - Cartierville,,2022-03-06 12:13:43,1,1,,,,,,,,,,,,None,None
"Patinoire de patin libre, Saint-André-Apôtre (PPL)",Ahuntsic - Cartierville,,2022-03-06 12:13:43,1,1,,,,,,,,,,,,None,1
"Patinoire de patin libre, Saint-Paul-de-la-Croix (PPL)",Ahuntsic - Cartierville,,2022-03-06 12:13:43,1,1,,,,,,,,,,,,None,1
"Patinoire de patin libre, Saint-Simon-Apôtre (PPL)",Ahuntsic - Cartierville,,2022-03-06 12:13:43,1,1,,,,,,,,,,,,None,None
"Patinoire de patin libre, Sault-au-Récollet (PPL)",Ahuntsic - Cartierville,,2022-03-05 10:57:54,1,1,,,,,,,,,,,,1,None
"Anneau de glace, Parc Lucie-Bruneau (PPL)",Anjou,,2022-03-06 18:22:03,None,1,,,,,,,,,,,,None,None
"Anneau de glace, Parc Talcy (PPL)",Anjou,,2022-03-06 18:22:03,None,1,,,,,,,,,,,,None,None
"Patinoire avec bandes, Parc Des Roseraies (PSE)",Anjou,,2022-03-06 18:22:03,None,1,,,,,,,,,,,,None,None
"Patinoire avec bandes, Parc Lucie-Bruneau (PSE)",Anjou,,2022-03-06 18:22:03,None,1,,,,,,,,,,,,None,None
"Patinoire avec bandes, Parc Roger Rousseau (PSE)",Anjou,,2022-03-06 18:22:03,None,1,,,,,,,,,,,,None,None
"Patinoire avec bandes, Parc Spalding (PSE)",Anjou,,2022-03-06 18:22:03,None,1,,,,,,,,,,,,None,None
"Patinoire avec bandes, Parc Talcy (PSE)",Anjou,,2022-03-06 18:22:03,None,1,,,,,,,,,,,,None,None
"Sentier glacé, Parc Des Roseraies (PP)",Anjou,,2022-03-04 17:23:21,None,None,,,,,,,,,,,,0,0
"Aire de glissade, Parc Confédération ()",Côte-des-Neiges - Notre-Dame-de-Grâce,,2022-03-13 12:30:47,0,0,,,,,,,,,,,,0,0
"Aire de glissade, Parc Saïdye-Bronfman ()",Côte-des-Neiges - Notre-Dame-de-Grâce,,2022-03-13 12:30:47,0,0,,,,,,,,,,,,0,0
"Aire de patinage libre, Georges-Saint-Pierre (PPL)",Côte-des-Neiges - Notre-Dame-de-Grâce,,2022-03-13 12:30:47,0,0,,,,,,,,,,,,0,0
"Aire de patinage libre, Jean-Brillant (PPL)",Côte-des-Neiges - Notre-Dame-de-Grâce,,2022-03-13 12:30:47,0,0,,,,,,,,,,,,0,0
"Aire de patinage libre, MacDonald (PPL)",Côte-des-Neiges - Notre-Dame-de-Grâce,,2022-03-13 12:30:47,0,0,,,,,,,,,,,,0,0
"Aire de patinage libre, Mackenzie-King (PPL)",Côte-des-Neiges - Notre-Dame-de-Grâce,,2022-03-13 12:30:47,0,0,,,,,,,,,,,,0,0
"Aire de patinage libre, Martin-Luther-King (PPL)",Côte-des-Neiges - Notre-Dame-de-Grâce,,2022-03-13 12:30:47,0,0,,,,,,,,,,,,0,0
"Aire de patinage libre, Notre-Dame-de-Grâce (PPL)",Côte-des-Neiges - Notre-Dame-de-Grâce,,2022-03-13 12:30:47,0,0,,,,,,,,,,,,0,0
"Aire de patinage libre, William-Hurst (PP)",Côte-des-Neiges - Notre-Dame-de-Grâce,,2022-03-13 12:30:47,0,0,,,,,,,,,,,,0,0
"Patinoire Bleu-Blanc-Bouge, Confédération (PSE)",Côte-des-Neiges - Notre-Dame-de-Grâce,,2022-03-13 12:30:47,1,1,,,,,,,,,,,,1,1
"Patinoire avec bandes , Mackenzie-King (PSE)",Côte-des-Neiges - Notre-Dame-de-Grâce,,2022-03-13 12:30:47,0,0,,,,,,,,,,,,0,0
"Patinoire avec bandes , Trenholme (PSE)",Côte-des-Neiges - Notre-Dame-de-Grâce,,2022-03-13 12:30:47,0,0,,,,,,,,,,,,0,0
"Patinoire avec bandes, Georges-Saint-Pierre (PSE)",Côte-des-Neiges - Notre-Dame-de-Grâce,,2022-03-13 12:30:47,0,0,,,,,,,,,,,,0,0
"Patinoire avec bandes, Jean-Brillant (PSE)",Côte-des-Neiges - Notre-Dame-de-Grâce,,2022-03-13 12:30:47,0,0,,,,,,,,,,,,0,0
"Patinoire avec bandes, MacDonald (PSE)",Côte-des-Neiges - Notre-Dame-de-Grâce,,2022-03-13 12:30:47,0,0,,,,,,,,,,,,0,0
"Patinoire avec bandes, Martin-Luther-King (nord) (PSE)",Côte-des-Neiges - Notre-Dame-de-Grâce,,2022-03-13 12:30:47,0,0,,,,,,,,,,,,0,0
"Patinoire avec bandes, Martin-Luther-King (sud) (PSE)",Côte-des-Neiges - Notre-Dame-de-Grâce,,2022-03-13 12:30:47,0,0,,,,,,,,,,,,0,0
"Patinoire avec bandes, Notre-Dame-de-Grâce (PSE)",Côte-des-Neiges - Notre-Dame-de-Grâce,,2022-03-13 12:30:47,0,0,,,,,,,,,,,,0,0
"Patinoire avec bandes, William-Bowie (PSE)",Côte-des-Neiges - Notre-Dame-de-Grâce,,2022-03-13 12:30:47,0,0,,,,,,,,,,,,0,0
"Patinoire avec bandes, William-Hurst (PSE)",Côte-des-Neiges - Notre-Dame-de-Grâce,,2022-03-13 12:30:47,0,0,,,,,,,,,,,,0,0
"Sentier de ski de fond, Parc Benny ()",Côte-des-Neiges - Notre-Dame-de-Grâce,,2022-03-13 12:30:47,0,0,,,,,,,,,,,,0,0
"Sentier de ski de fond, Parc Loyola ()",Côte-des-Neiges - Notre-Dame-de-Grâce,,2022-03-13 12:30:47,0,0,,,,,,,,,,,,0,0
"Sentier de ski de fond, Parc Martin-Luther-King ()",Côte-des-Neiges - Notre-Dame-de-Grâce,,2022-03-13 12:30:47,0,0,,,,,,,,,,,,0,0
"Sentier de ski de fond, Parc Notre-Dame-de-Grâce ()",Côte-des-Neiges - Notre-Dame-de-Grâce,,2022-03-12 09:49:23,0,0,,,,,,,,,,,,0,0
"Anneau de glace, Parc Eugène-Dostie (PPL)",L'Île-Bizard - Sainte-Geneviève,,2022-03-08 09:08:07,None,None,,,,,,,,,,,,None,None
"Carré de glace, Parc Eugène-Dostie (PPL)",L'Île-Bizard - Sainte-Geneviève,,2022-03-08 09:08:07,None,None,,,,,,,,,,,,None,None
"Patinoire # 1 , Parc Eugène-Dostie (PSE)",L'Île-Bizard - Sainte-Geneviève,,2022-03-08 09:08:07,None,None,,,,,,,,,,,,None,None
"Patinoire # 1, Parc Jonathan-Wilson (PSE)",L'Île-Bizard - Sainte-Geneviève,,2022-03-08 09:08:07,None,None,,,,,,,,,,,,None,None
"Patinoire # 1, Parc Joseph-Avila-Proulx (PSE)",L'Île-Bizard - Sainte-Geneviève,,2022-03-08 09:08:07,None,None,,,,,,,,,,,,None,None
"Patinoire # 1, Parc Robert-Sauvé (PSE)",L'Île-Bizard - Sainte-Geneviève,,2022-03-08 09:08:07,None,None,,,,,,,,,,,,None,None
"Patinoire # 2 , Parc Eugène-Dostie (PSE)",L'Île-Bizard - Sainte-Geneviève,,2022-02-21 08:55:10,1,1,,,,,,,,,,,,1,1
"Aire de glissade , Parc des rapides ()",LaSalle,,2022-03-15 13:44:59,None,0,,,,,,,,,,,,0,0
"Aire de glissade, Parc Hayward ()",LaSalle,,2022-03-15 13:44:59,None,0,,,,,,,,,,,,0,0
"Aire de glissade, Terrain de la mairie ()",LaSalle,,2022-03-15 13:44:59,None,0,,,,,,,,,,,,0,0
"Anneau à patiner ,  parc Hayward (PPL)",LaSalle,,2022-03-15 13:44:59,None,0,,,,,,,,,,,,0,0
"Anneau à patiner,  parc Riverside (PPL)",LaSalle,,2022-03-15 13:44:59,None,0,,,,,,,,,,,,0,0
"Patinoire ext avec bandes (BBB) , parc Hayward (PSE)",LaSalle,,2022-03-15 13:44:59,None,0,,,,,,,,,,,,0,0
"Patinoire ext. avec bandes , parc Raymond (PSE)",LaSalle,,2022-03-15 13:44:59,None,0,,,,,,,,,,,,0,0
"Patinoire ext. avec bandes,  parc Lefebvre (PSE)",LaSalle,,2022-03-15 13:44:59,None,0,,,,,,,,,,,,0,0
"Patinoire ext. avec bandes, parc Riverside (PSE)",LaSalle,,2022-03-15 13:44:59,None,0,,,,,,,,,,,,0,0
"Sentier de ski de fond, Berges de LaSalle ()",LaSalle,,2022-03-10 21:54:02,1,0,,,,,,,,,,,,0,0
"Aire de glissade, Parc Grovehill ()",Lachine,,2022-03-07 10:12:31,0,0,,,,,,,,,,,,0,0
"Pat. avec bandes - près 10e Avenue, parc LaSalle (PSE)",Lachine,,2022-03-07 10:12:31,None,None,,,,,,,,,,,,None,None
"Pat. avec bandes - près chalet, parc LaSalle (PSE)",Lachine,,2022-03-07 10:12:31,None,None,,,,,,,,,,,,None,None
"Patinoire avec bandes, parc Carignan (PSE)",Lachine,,2022-03-07 10:12:31,None,None,,,,,,,,,,,,None,None
"Patinoire avec bandes, parc Dixie (PSE)",Lachine,,2022-03-07 10:12:31,None,None,,,,,,,,,,,,None,None
"Patinoire avec bandes, parc Duff court (PSE)",Lachine,,2022-03-07 10:12:31,None,None,,,,,,,,,,,,None,None
"Patinoire avec bandes, parc Kirkland (PSE)",Lachine,,2022-03-07 10:12:31,None,None,,,,,,,,,,,,None,None
"Patinoire de patin libre, club pêcheurs/chasseurs (PPL)",Lachine,,2022-03-07 10:12:31,None,None,,,,,,,,,,,,None,None
"Patinoire de patin libre, parc Carignan (PPL)",Lachine,,2022-03-07 10:12:31,None,None,,,,,,,,,,,,None,None
"Patinoire de patin libre, parc Dixie (PPL)",Lachine,,2022-03-07 10:12:31,None,None,,,,,,,,,,,,None,None
"Patinoire de patin libre, parc Kirkland (PPL)",Lachine,,2022-03-07 10:12:31,None,None,,,,,,,,,,,,None,None
"Patinoire de patin libre, parc LaSalle (PPL)",Lachine,,2022-03-07 10:12:31,None,None,,,,,,,,,,,,None,None
"Patinoire de patin libre, parc Rosewood (PPL)",Lachine,,2022-03-07 10:12:31,None,None,,,,,,,,,,,,None,None
"Sentier de ski de randonnée, Berges de Lachine ()",Lachine,,2022-03-04 12:37:26,1,0,,,,,,,,,,,,0,0
"Grande patinoire avec bandes, La Fontaine (PSE)",Le Plateau-Mont-Royal,,2022-03-17 07:54:53,None,None,,,,,,,,,,,,None,None
"Patinoire avec bandes , De Gaspé/Bernard (PSE)",Le Plateau-Mont-Royal,,2022-03-17 07:54:53,None,None,,,,,,,,,,,,None,None
"Patinoire avec bandes, Baldwin (PSE)",Le Plateau-Mont-Royal,,2022-03-17 07:54:53,None,None,,,,,,,,,,,,None,None
"Patinoire avec bandes, Jeanne-Mance (PSE)",Le Plateau-Mont-Royal,,2022-03-17 07:54:53,None,None,,,,,,,,,,,,None,None
"Patinoire avec bandes, Sir-Wilfrid-Laurier no 1 (PSE)",Le Plateau-Mont-Royal,,2022-03-17 07:54:53,None,None,,,,,,,,,,,,None,None
"Patinoire avec bandes, Sir-Wilfrid-Laurier no 2 (PSE)",Le Plateau-Mont-Royal,,2022-03-17 07:54:53,None,None,,,,,,,,,,,,None,None
"Patinoire avec bandes, Sir-Wilfrid-Laurier no 3 (PSE)",Le Plateau-Mont-Royal,,2022-03-17 07:54:53,None,None,,,,,,,,,,,,None,None
"Patinoire de patin libre, Baldwin (PPL)",Le Plateau-Mont-Royal,,2022-03-17 07:54:53,None,None,,,,,,,,,,,,None,None
"Patinoire de patin libre, Jeanne-Mance (PPL)",Le Plateau-Mont-Royal,,2022-03-17 07:54:53,None,None,,,,,,,,,,,,None,None
"Patinoire de patin libre, Sir-Wilfrid-Laurier (PPL)",Le Plateau-Mont-Royal,,2022-03-17 07:54:53,None,None,,,,,,,,,,,,None,None
"Patinoire décorative, Arena Mont-Royal (PP)",Le Plateau-Mont-Royal,,2022-03-17 07:54:53,None,None,,,,,,,,,,,,None,None
"Patinoire décorative, De Lorimier (PP)",Le Plateau-Mont-Royal,,2022-03-17 07:54:53,None,None,,,,,,,,,,,,None,None
"Patinoire décorative, La Fontaine (PP)",Le Plateau-Mont-Royal,,2022-03-17 07:54:53,None,None,,,,,,,,,,,,None,None
"Patinoire réfrigérée, Émilie-Duployé (PP)",Le Plateau-Mont-Royal,,2022-03-17 07:54:53,None,None,,,,,,,,,,,,None,None
"Petite patinoire avec bandes, La Fontaine (PSE)",Le Plateau-Mont-Royal,,2022-03-17 07:54:53,None,None,,,,,,,,,,,,None,None
Ski de fond Jeanne-Mance (Parcours vert) 1.3 KM (),Le Plateau-Mont-Royal,,2022-03-17 07:54:53,None,0,,,,,,,,,,,,0,0
Ski de fond La Fontaine Parcours bleu 2.2 KM (),Le Plateau-Mont-Royal,,2022-03-17 07:54:53,None,0,,,,,,,,,,,,0,0
Ski de fond La Fontaine Parcours jaune 1.7 KM (),Le Plateau-Mont-Royal,,2022-03-15 12:02:57,1,0,,,,,,,,,,,,0,0
"Aire de glissade, Ignace-Bourget ()",Le Sud-Ouest,,2022-03-11 03:14:27,1,0,,,,,,,,,,,,0,0
"Aire de glissade, Le Ber ()",Le Sud-Ouest,,2022-03-11 03:14:27,1,0,,,,,,,,,,,,0,0
"Patinoire Décorative, Polyvalente Saint-Henri (PP)",Le Sud-Ouest,,2022-03-11 03:14:27,None,0,,,,,,,,,,,,0,0
"Patinoire avec bandes, Campbell-Ouest (PSE)",Le Sud-Ouest,,2022-03-11 03:14:27,None,0,,,,,,,,,,,,0,0
"Patinoire avec bandes, Carré Hibernia (PSE)",Le Sud-Ouest,,2022-03-11 03:14:27,None,0,,,,,,,,,,,,0,0
"Patinoire avec bandes, De la Vérendrye (PSE)",Le Sud-Ouest,,2022-03-11 03:14:27,None,0,,,,,,,,,,,,0,0
"Patinoire avec bandes, Ignace-Bourget (PSE)",Le Sud-Ouest,,2022-03-11 03:14:27,None,0,,,,,,,,,,,,0,0
"Patinoire avec bandes, Le Ber (PSE)",Le Sud-Ouest,,2022-03-11 03:14:27,None,0,,,,,,,,,,,,0,0
"Patinoire avec bandes, Polyvalente Saint-Henri (PSE)",Le Sud-Ouest,,2022-03-11 03:14:27,None,0,,,,,,,,,,,,0,0
"Patinoire avec bandes, Vinet (PSE)",Le Sud-Ouest,,2022-03-11 03:14:27,None,0,,,,,,,,,,,,0,0
"Patinoire décorative, Campbell-Ouest (PP)",Le Sud-Ouest,,2022-03-11 03:14:27,None,0,,,,,,,,,,,,0,0
"Patinoire décorative, Carré Hibernia (PP)",Le Sud-Ouest,,2022-03-11 03:14:27,None,0,,,,,,,,,,,,0,0
"Patinoire décorative, Gédéon-de-Catalogne (PP)",Le Sud-Ouest,,2022-03-11 03:14:27,None,0,,,,,,,,,,,,0,0
"Patinoire décorative, Le Ber (PP)",Le Sud-Ouest,,2022-03-11 03:14:27,None,0,,,,,,,,,,,,0,0
"Patinoire décorative, Oscar-Peterson (PP)",Le Sud-Ouest,,2022-03-11 03:14:27,None,0,,,,,,,,,,,,0,0
"Patinoire décorative, Saint-Paul (PP)",Le Sud-Ouest,,2022-03-11 03:14:27,None,0,,,,,,,,,,,,0,0
"Patinoire décorative, Vinet (PP)",Le Sud-Ouest,,2022-03-11 03:14:27,None,0,,,,,,,,,,,,0,0
"Sentier de raquette, Angrignon ()",Le Sud-Ouest,,2022-03-11 03:14:27,0,0,,,,,,,,,,,,0,0
"Sentier de ski de randonnée, Angrignon ()",Le Sud-Ouest,,2022-03-10 03:25:45,1,0,,,,,,,,,,,,0,0
"Patinoire avec bandes, De La Bruère (PSE)",Mercier - Hochelaga-Maisonneuve,,2022-03-06 19:08:22,None,1,,,,,,,,,,,,None,None
"Patinoire avec bandes, Jean-Amyot (PSE)",Mercier - Hochelaga-Maisonneuve,,2022-03-06 19:08:22,None,1,,,,,,,,,,,,None,None
"Patinoire avec bandes, Lalancette (PSE)",Mercier - Hochelaga-Maisonneuve,,2022-03-06 19:08:22,None,1,,,,,,,,,,,,None,None
"Patinoire avec bandes, Pierre-Bédard (PSE)",Mercier - Hochelaga-Maisonneuve,,2022-03-06 19:08:22,None,1,,,,,,,,,,,,None,None
"Patinoire avec bandes, Saint-Aloysius (PSE)",Mercier - Hochelaga-Maisonneuve,,2022-03-06 19:08:22,None,1,,,,,,,,,,,,None,None
"Patinoire avec bandes, Saint-Victor (PSE)",Mercier - Hochelaga-Maisonneuve,,2022-03-06 19:08:22,None,1,,,,,,,,,,,,None,None
"Patinoire avec bandes, Thomas-Chapais (PSE)",Mercier - Hochelaga-Maisonneuve,,2022-03-06 19:08:22,None,1,,,,,,,,,,,,None,None
"Patinoire de patin libre, Beauclerk (PPL)",Mercier - Hochelaga-Maisonneuve,,2022-03-06 19:08:22,None,1,,,,,,,,,,,,None,None
"Patinoire de patin libre, Jean-Amyot (PPL)",Mercier - Hochelaga-Maisonneuve,,2022-03-06 19:08:22,None,1,,,,,,,,,,,,None,None
"Patinoire de patin libre, Lalancette (PPL)",Mercier - Hochelaga-Maisonneuve,,2022-03-06 19:08:22,None,1,,,,,,,,,,,,None,None
"Patinoire de patin libre, Pierre-Bernard (PPL)",Mercier - Hochelaga-Maisonneuve,,2022-03-06 19:08:22,None,1,,,,,,,,,,,,None,None
"Patinoire de patin libre, Pierre-Bédard (PPL)",Mercier - Hochelaga-Maisonneuve,,2022-03-06 19:08:22,None,1,,,,,,,,,,,,None,None
"Patinoire de patin libre, Rougemont (PPL)",Mercier - Hochelaga-Maisonneuve,,2022-03-06 19:08:22,None,1,,,,,,,,,,,,None,None
"Patinoire de patin libre, Saint-Aloysius (PPL)",Mercier - Hochelaga-Maisonneuve,,2022-03-06 19:08:22,None,1,,,,,,,,,,,,None,None
"Patinoire de patin libre, Saint-Victor (PPL)",Mercier - Hochelaga-Maisonneuve,,2022-03-06 19:08:22,None,1,,,,,,,,,,,,None,None
"Patinoire de patin libre, Théodore (PPL)",Mercier - Hochelaga-Maisonneuve,,2022-03-06 19:08:22,None,1,,,,,,,,,,,,None,None
"Patinoire à bandes, Liébert (PSE)",Mercier - Hochelaga-Maisonneuve,,2022-03-04 18:55:29,1,1,,,,,,,,,,,,None,1
"AIre de glissade, Parc Henri-Bourassa ()",Montréal-Nord,,2022-03-16 05:30:58,None,0,,,,,,,,,,,,0,0
"Aire de glissade, Parc Pilon ()",Montréal-Nord,,2022-03-16 05:30:58,None,0,,,,,,,,,,,,0,0
"Aire de glissade, Parc Sauvé ()",Montréal-Nord,,2022-03-16 05:30:58,None,0,,,,,,,,,,,,0,0
"Patinoire avec bandes , parc Charleroi (PSE)",Montréal-Nord,,2022-03-16 05:30:58,None,0,,,,,,,,,,,,0,0
"Patinoire avec bandes , parc Oscar (PSE)",Montréal-Nord,,2022-03-16 05:30:58,None,0,,,,,,,,,,,,0,0
"Patinoire avec bandes , parc Sauvé (PSE)",Montréal-Nord,,2022-03-16 05:30:58,None,0,,,,,,,,,,,,0,0
"Patinoire de patin libre , parc Le Carignan (PPL)",Montréal-Nord,,2022-03-16 05:30:58,None,0,,,,,,,,,,,,0,0
"Patinoire de patin libre , parc Sauvé (PPL)",Montréal-Nord,,2022-03-16 05:30:58,None,0,,,,,,,,,,,,0,0
"Patinoire de patin libre, parc Charleroi (PPL)",Montréal-Nord,,2022-03-16 05:30:58,None,0,,,,,,,,,,,,0,0
"Patinoire de patin libre, parc Lacordaire (PPL)",Montréal-Nord,,2022-03-16 05:30:58,None,0,,,,,,,,,,,,0,0
"Patinoire réfrigérée,Bleu Blanc Bouge Le Carignan (PSE)",Montréal-Nord,,2022-03-14 09:16:06,1,1,,,,,,,,,,,,1,1
"Glissade, Parc Beaubien ()",Outremont,,2022-03-11 10:19:47,1,0,,,,,,,,,,,,0,0
"Grande patinoire de hockey, Parc Beaubien (PSE)",Outremont,,2022-03-11 10:19:47,None,0,,,,,,,,,,,,0,0
"Patinoire de hockey et patin libre, Parc Pratt (PPL)",Outremont,,2022-03-11 10:19:47,None,0,,,,,,,,,,,,0,0
"Patinoire de hockey, Parc Oakwood (PPL)",Outremont,,2022-03-11 10:19:47,None,0,,,,,,,,,,,,0,0
"Patinoire de patin libre, Parc Jacques-Parizeau (PPL)",Outremont,,2022-03-11 10:19:47,None,0,,,,,,,,,,,,0,0
"Patinoire de patin libre, Parc Saint-Viateur (PP)",Outremont,,2022-03-11 10:19:47,None,0,,,,,,,,,,,,0,0
"Petite patinoire de hockey, Parc Beaubien (PSE)",Outremont,,2022-03-07 08:59:20,None,None,,,,,,,,,,,,None,None
"Patinoire avec bande, Parc Grier (PSE)",Pierrefonds - Roxboro,,2022-03-11 10:43:47,None,None,,,,,,,,,,,,None,None
"Patinoire avec bandes Nord, Parc de Roxboro (PSE)",Pierrefonds - Roxboro,,2022-03-11 10:43:47,None,None,,,,,,,,,,,,None,None
"Patinoire avec bandes Sud, Parc de Roxboro (PSE)",Pierrefonds - Roxboro,,2022-03-11 10:43:47,None,None,,,,,,,,,,,,None,None
"Patinoire avec bandes, Parc Alexander (PSE)",Pierrefonds - Roxboro,,2022-03-11 10:43:47,None,None,,,,,,,,,,,,None,None
"Patinoire avec bandes, Parc Brook (PSE)",Pierrefonds - Roxboro,,2022-03-11 10:43:47,None,None,,,,,,,,,,,,None,None
"Patinoire avec bandes, Parc d'À-Ma-Baie (PSE)",Pierrefonds - Roxboro,,2022-03-11 10:43:47,None,None,,,,,,,,,,,,None,None
"Patinoire avec bandes, Parc de la Rive-Boisée (PSE)",Pierrefonds - Roxboro,,2022-03-11 10:43:47,None,None,,,,,,,,,,,,None,None
"Patinoire de patin libre Est, Parc Brook (PPL)",Pierrefonds - Roxboro,,2022-03-11 10:43:47,None,None,,,,,,,,,,,,None,None
"Patinoire de patin libre Ouest, Parc Brook (PPL)",Pierrefonds - Roxboro,,2022-03-11 10:43:47,None,None,,,,,,,,,,,,None,None
"Patinoire de patin libre Sud, Parc Alexander (PPL)",Pierrefonds - Roxboro,,2022-03-11 10:43:47,None,None,,,,,,,,,,,,None,None
"Patinoire de patin libre sentier, Parc Grier (PPL)",Pierrefonds - Roxboro,,2022-03-11 10:43:47,None,None,,,,,,,,,,,,None,None
"Patinoire de patin libre, Parc Grier (PPL)",Pierrefonds - Roxboro,,2022-03-11 10:43:47,None,None,,,,,,,,,,,,None,None
"Patinoire de patin libre, Parc d'À-Ma-Baie (PPL)",Pierrefonds - Roxboro,,2022-03-11 10:43:47,None,None,,,,,,,,,,,,None,None
"Patinoire de patin libre, Parc de Roxboro (PPL)",Pierrefonds - Roxboro,,2022-03-11 10:43:47,None,None,,,,,,,,,,,,None,None
"Patinoire de patin libre, Parc de la Rive-Boisée (PPL)",Pierrefonds - Roxboro,,2022-03-11 10:43:47,None,None,,,,,,,,,,,,None,None
"Patinoire de patin libre, Terrain de la mairie (PPL)",Pierrefonds - Roxboro,,2022-03-10 18:04:39,None,None,,,,,,,,,,,,None,None
"Aire de glissade ,Don-Bosco ()",Rivière-des-Prairies - Pointe-aux-Trembles,,2022-03-04 03:47:41,None,0,,,,,,,,,,,,0,0
"Aire de glissade,Saint-Jean-Baptiste ()",Rivière-des-Prairies - Pointe-aux-Trembles,,2022-03-04 03:47:41,None,0,,,,,,,,,,,,0,0
"Aire de glissade,Saint-Joseph ()",Rivière-des-Prairies - Pointe-aux-Trembles,,2022-03-04 03:47:41,None,0,,,,,,,,,,,,0,0
"Patinoire avec bandes, C-de-la-Rousselière (PSE)",Rivière-des-Prairies - Pointe-aux-Trembles,,2022-03-04 03:47:41,1,1,,,,,,,,,,,,1,1
"Patinoire avec bandes, Daniel-Johnson (PSE)",Rivière-des-Prairies - Pointe-aux-Trembles,,2022-03-04 03:47:41,1,1,,,,,,,,,,,,1,1
"Patinoire avec bandes, Des Cageux (PSE)",Rivière-des-Prairies - Pointe-aux-Trembles,,2022-03-04 03:47:41,1,1,,,,,,,,,,,,1,1
"Patinoire avec bandes, Don-Bosco (PSE)",Rivière-des-Prairies - Pointe-aux-Trembles,,2022-03-04 03:47:41,1,1,,,,,,,,,,,,1,1
"Patinoire avec bandes, Gérard-Vaillancourt (PSE)",Rivière-des-Prairies - Pointe-aux-Trembles,,2022-03-04 03:47:41,1,1,,,,,,,,,,,,None,None
"Patinoire avec bandes, Jeanne-Lapierre (PSE)",Rivière-des-Prairies - Pointe-aux-Trembles,,2022-03-04 03:47:41,1,None,,,,,,,,,,,,None,None
"Patinoire avec bandes, Pehr-Kalm (PSE)",Rivière-des-Prairies - Pointe-aux-Trembles,,2022-03-04 03:47:41,1,1,,,,,,,,,,,,1,1
"Patinoire avec bandes, Pierre-Blanchet (PSE)",Rivière-des-Prairies - Pointe-aux-Trembles,,2022-03-04 03:47:41,1,1,,,,,,,,,,,,None,None
"Patinoire avec bandes, Saint-Jean-Baptiste (PSE)",Rivière-des-Prairies - Pointe-aux-Trembles,,2022-03-04 03:47:41,1,1,,,,,,,,,,,,1,1
"Patinoire avec bandes, Sainte-Maria-Goretti (PSE)",Rivière-des-Prairies - Pointe-aux-Trembles,,2022-03-04 03:47:41,1,1,,,,,,,,,,,,None,None
"Patinoire de patin libre, C-de-la-Rousselière (PPL)",Rivière-des-Prairies - Pointe-aux-Trembles,,2022-03-04 03:47:41,1,None,,,,,,,,,,,,None,None
"Patinoire de patin libre, Des Cageux (PPL)",Rivière-des-Prairies - Pointe-aux-Trembles,,2022-03-04 03:47:41,1,1,,,,,,,,,,,,1,1
"Patinoire de patin libre, Don-Bosco (PPL)",Rivière-des-Prairies - Pointe-aux-Trembles,,2022-03-04 03:47:41,1,1,,,,,,,,,,,,None,None
"Patinoire de patin libre, Gérard-Vaillancourt (PPL)",Rivière-des-Prairies - Pointe-aux-Trembles,,2022-03-04 03:47:41,1,None,,,,,,,,,,,,None,None
"Patinoire de patin libre, Marie-Claire-Daveluy (PPL)",Rivière-des-Prairies - Pointe-aux-Trembles,,2022-03-04 03:47:41,1,None,,,,,,,,,,,,None,None
"Patinoire de patin libre, Montmartre (PPL)",Rivière-des-Prairies - Pointe-aux-Trembles,,2022-03-04 03:47:41,1,None,,,,,,,,,,,,None,None
"Patinoire de patin libre, Saint-Jean-Baptiste (PPL)",Rivière-des-Prairies - Pointe-aux-Trembles,,2022-03-04 03:47:41,1,1,,,,,,,,,,,,None,None
"Patinoire de patin libre, Sainte-Maria-Goretti (PPL)",Rivière-des-Prairies - Pointe-aux-Trembles,,2022-03-04 03:47:41,1,None,,,,,,,,,,,,None,None
"Patinoire de patin libre, Y-Thériault/Sherbrooke (PPL)",Rivière-des-Prairies - Pointe-aux-Trembles,,2022-03-04 03:47:41,1,1,,,,,,,,,,,,None,None
"Patinoire décorative, Daniel-Johnson (PP)",Rivière-des-Prairies - Pointe-aux-Trembles,,2022-03-04 03:47:41,1,1,,,,,,,,,,,,1,1
"Patinoire décorative, Maison du citoyen (PP)",Rivière-des-Prairies - Pointe-aux-Trembles,,2022-03-04 03:47:41,1,None,,,,,,,,,,,,None,None
"Sentier de ski de fond,De la Traversée ()",Rivière-des-Prairies - Pointe-aux-Trembles,,2022-03-03 03:38:16,None,0,,,,,,,,,,,,0,0
"Aire de glissade, Du Pélican ()",Rosemont - La Petite-Patrie,,2022-03-18 18:39:14,None,0,,,,,,,,,,,,0,0
"Aire de glissade, Joseph-Paré ()",Rosemont - La Petite-Patrie,,2022-03-18 18:39:14,None,0,,,,,,,,,,,,0,0
"Aire de glissade, Parc Lafond ()",Rosemont - La Petite-Patrie,,2022-03-18 18:39:14,None,0,,,,,,,,,,,,0,0
"Aire de glissage, Parc Père-Marquette ()",Rosemont - La Petite-Patrie,,2022-03-18 18:39:14,None,0,,,,,,,,,,,,0,0
"Patinoire avec bandes Nord, Beaubien (PSE)",Rosemont - La Petite-Patrie,,2022-03-18 18:39:14,None,None,,,,,,,,,,,,None,None
"Patinoire avec bandes Sud, Beaubien (PSE)",Rosemont - La Petite-Patrie,,2022-03-18 18:39:14,None,None,,,,,,,,,,,,None,None
"Patinoire avec bandes, Cité-Jardin (PSE)",Rosemont - La Petite-Patrie,,2022-03-18 18:39:14,None,None,,,,,,,,,,,,None,None
"Patinoire avec bandes, De Gaspé (PSE)",Rosemont - La Petite-Patrie,,2022-03-18 18:39:14,None,None,,,,,,,,,,,,None,None
"Patinoire avec bandes, De la Louisiane (PSE)",Rosemont - La Petite-Patrie,,2022-03-18 18:39:14,None,None,,,,,,,,,,,,None,None
"Patinoire avec bandes, Lafond (PSE)",Rosemont - La Petite-Patrie,,2022-03-18 18:39:14,None,None,,,,,,,,,,,,None,None
"Patinoire avec bandes, Père-Marquette (PSE)",Rosemont - La Petite-Patrie,,2022-03-18 18:39:14,None,None,,,,,,,,,,,,None,None
"Patinoire avec bandes, Rosemont (PSE)",Rosemont - La Petite-Patrie,,2022-03-18 18:39:14,None,None,,,,,,,,,,,,None,None
"Patinoire avec bandes, Sainte-Bernadette (PSE)",Rosemont - La Petite-Patrie,,2022-03-18 18:39:14,None,None,,,,,,,,,,,,None,None
"Patinoire de patin libre, Beaubien (PPL)",Rosemont - La Petite-Patrie,,2022-03-18 18:39:14,None,None,,,,,,,,,,,,None,None
"Patinoire de patin libre, Cité-Jardin (PPL)",Rosemont - La Petite-Patrie,,2022-03-18 18:39:14,None,None,,,,,,,,,,,,None,None
"Patinoire de patin libre, De la Louisiane (PPL)",Rosemont - La Petite-Patrie,,2022-03-18 18:39:14,None,None,,,,,,,,,,,,None,None
"Patinoire de patin libre, Du Pélican (PPL)",Rosemont - La Petite-Patrie,,2022-03-18 18:39:14,None,None,,,,,,,,,,,,None,None
"Patinoire de patin libre, Joseph-Paré (PPL)",Rosemont - La Petite-Patrie,,2022-03-18 18:39:14,None,None,,,,,,,,,,,,None,None
"Patinoire de patin libre, Lafond (PPL)",Rosemont - La Petite-Patrie,,2022-03-18 18:39:14,None,None,,,,,,,,,,,,None,None
"Patinoire de patin libre, Père-Marquette (PPL)",Rosemont - La Petite-Patrie,,2022-03-18 18:39:14,None,None,,,,,,,,,,,,None,None
"Patinoire de patin libre, Sainte-Bernadette (PPL)",Rosemont - La Petite-Patrie,,2022-03-18 18:39:14,None,None,,,,,,,,,,,,None,None
"Patinoire décorative, De la Petite-Italie (PP)",Rosemont - La Petite-Patrie,,2022-03-18 18:39:14,None,None,,,,,,,,,,,,None,None
"Patinoire décorative, Maisonneuve (PP)",Rosemont - La Petite-Patrie,,2022-03-18 18:39:14,None,None,,,,,,,,,,,,None,None
"Patinoire décorative, Molson (PP)",Rosemont - La Petite-Patrie,,2022-03-18 18:39:14,None,None,,,,,,,,,,,,None,None
"Sentier de marche, Maisonneuve ()",Rosemont - La Petite-Patrie,,2022-03-18 18:39:14,None,0,,,,,,,,,,,,0,0
"Sentier de ski de fond, Jardin Botanique ()",Rosemont - La Petite-Patrie,,2022-03-18 18:39:14,None,0,,,,,,,,,,,,0,0
"Sentier de ski de fond, Maisonneuve ()",Rosemont - La Petite-Patrie,,2022-03-18 18:39:14,None,0,,,,,,,,,,,,0,0
"Sentier de ski de fond, Réseau vert ()",Rosemont - La Petite-Patrie,,2022-03-18 18:39:14,None,0,,,,,,,,,,,,0,0
"Sentier de ski pas de patins, Maisonneuve ()",Rosemont - La Petite-Patrie,,2022-03-13 16:51:43,1,0,,,,,,,,,,,,0,0
"Glissade, Parc Hartenstein ()",Saint-Laurent,,2022-03-05 05:55:27,0,0,,,,,,,,,,,,0,0
"Glissade, Parc Philippe-Laheurte ()",Saint-Laurent,,2022-03-05 05:55:27,0,0,,,,,,,,,,,,0,0
"Glissade, Parc Saint-Laurent ()",Saint-Laurent,,2022-03-05 05:55:27,0,0,,,,,,,,,,,,0,0
"Glissade, Parc du Bois-Franc ()",Saint-Laurent,,2022-03-05 05:55:27,0,0,,,,,,,,,,,,0,0
"Patinoire extérieure , Parc Cousineau (PSE)",Saint-Laurent,,2022-03-05 05:55:27,1,1,,,,,,,,,,,,None,None
"Patinoire extérieure , Parc Gohier (PSE)",Saint-Laurent,,2022-03-05 05:55:27,1,1,,,,,,,,,,,,None,None
"Patinoire extérieure , Parc Houde (PSE)",Saint-Laurent,,2022-03-05 05:55:27,1,1,,,,,,,,,,,,None,None
"Patinoire extérieure , Parc Marcel-Laurin (PSE)",Saint-Laurent,,2022-03-05 05:55:27,1,1,,,,,,,,,,,,None,None
"Patinoire extérieure , Parc Noël-Nord (PSE)",Saint-Laurent,,2022-03-05 05:55:27,1,1,,,,,,,,,,,,None,None
"Patinoire extérieure , Parc Painter (PSE)",Saint-Laurent,,2022-03-05 05:55:27,1,1,,,,,,,,,,,,None,None
"Patinoire extérieure , Parc Petit (PSE)",Saint-Laurent,,2022-03-05 05:55:27,1,1,,,,,,,,,,,,None,None
"Patinoire extérieure , Parc Poirier (PSE)",Saint-Laurent,,2022-03-05 05:55:27,1,1,,,,,,,,,,,,None,None
"Patinoire extérieure, Parc Beaulac (PSE)",Saint-Laurent,,2022-03-05 05:55:27,1,1,,,,,,,,,,,,None,None
"Patinoire extérieure, Parc Chamberland (PSE)",Saint-Laurent,,2022-03-05 05:55:27,1,1,,,,,,,,,,,,None,None
"Patinoire extérieure, Parc Decelles (PSE)",Saint-Laurent,,2022-03-05 05:55:27,1,1,,,,,,,,,,,,None,None
"Patinoire extérieure, Parc Philippe-Laheurte (PPL)",Saint-Laurent,,2022-03-05 05:55:27,1,None,,,,,,,,,,,,None,None
"Patinoire extérieure, Parc du Bois-Franc (PSE)",Saint-Laurent,,2022-03-05 05:55:27,1,1,,,,,,,,,,,,None,None
"Patinoire sport d'équipe, Parc Decelle (PSE)",Saint-Laurent,,2022-03-05 05:55:27,1,1,,,,,,,,,,,,None,None
"Rond de glace , Parc Beaulac (PP)",Saint-Laurent,,2022-03-05 05:55:27,1,1,,,,,,,,,,,,None,None
"Rond de glace , Parc Chamberland (PP)",Saint-Laurent,,2022-03-05 05:55:27,1,1,,,,,,,,,,,,None,None
"Rond de glace , Parc Cousineau (PP)",Saint-Laurent,,2022-03-05 05:55:27,1,1,,,,,,,,,,,,None,None
"Rond de glace , Parc Houde (PP)",Saint-Laurent,,2022-03-05 05:55:27,1,1,,,,,,,,,,,,None,None
"Rond de glace , Parc Noël-Nord (PP)",Saint-Laurent,,2022-03-05 05:55:27,1,1,,,,,,,,,,,,None,None
"Rond de glace , Parc Painter (PPL)",Saint-Laurent,,2022-03-05 05:55:27,1,1,,,,,,,,,,,,None,None
"Rond de glace , Parc Petit (PP)",Saint-Laurent,,2022-03-05 05:55:27,1,1,,,,,,,,,,,,None,None
"Rond de glace, Parc Gohier (PP)",Saint-Laurent,,2022-03-05 05:55:27,1,1,,,,,,,,,,,,None,None
"Rond de glace, Parc Hartenstein (PP)",Saint-Laurent,,2022-03-05 05:55:27,1,None,,,,,,,,,,,,None,None
"Rond de glace, Parc Saint-Laurent (PP)",Saint-Laurent,,2022-03-05 05:55:27,1,1,,,,,,,,,,,,None,None
"Rond de glace, Parc du Bois-Franc (PPL)",Saint-Laurent,,2022-03-05 05:55:27,1,1,,,,,,,,,,,,None,None
"Sentier de glace, Parc Beaudet (PP)",Saint-Laurent,,2022-03-04 07:15:39,1,1,,,,,,,,,,,,None,None
"Aire de glissade, parc Coubertin ()",Saint-Léonard,,2022-02-24 06:43:20,1,0,,,,,,,,,,,,0,0
"Aire de glissade, parc Delorme ()",Saint-Léonard,,2022-02-24 06:43:20,1,0,,,,,,,,,,,,0,0
"Aire de glissade, parc Ferland ()",Saint-Léonard,,2022-02-24 06:43:20,1,0,,,,,,,,,,,,0,0
"Anneau de glace, C.C.S.L. (PPL)",Saint-Léonard,,2022-02-24 06:43:20,None,1,,,,,,,,,,,,1,1
"Anneau de glace, parc Laurier-MacDonald (PPL)",Saint-Léonard,,2022-02-24 06:43:20,None,1,,,,,,,,,,,,1,1
"Patinoire avec bandes, parc Delorme (PSE)",Saint-Léonard,,2022-02-24 06:43:20,None,1,,,,,,,,,,,,1,1
"Patinoire avec bandes, parc Ferland (PSE)",Saint-Léonard,,2022-02-24 06:43:20,None,1,,,,,,,,,,,,1,1
"Patinoire avec bandes, parc Ladauversière (PSE)",Saint-Léonard,,2022-02-24 06:43:20,None,1,,,,,,,,,,,,1,1
"Patinoire avec bandes, parc Pie-XII (PSE)",Saint-Léonard,,2022-02-24 06:43:20,None,1,,,,,,,,,,,,1,1
"Patinoire de patin libre, parc Giuseppe-Garibaldi (PPL)",Saint-Léonard,,2022-02-24 06:43:20,None,1,,,,,,,,,,,,1,1
"Patinoire de patin libre, parc Ladauversière (PPL)",Saint-Léonard,,2022-02-24 06:43:20,None,1,,,,,,,,,,,,1,1
"Patinoire extérieure, parc Ermanno-La Riccia (PPL)",Saint-Léonard,,2022-02-24 06:43:20,None,1,,,,,,,,,,,,1,1
"Patinoire sans bande, C.S.S.L (PPL)",Saint-Léonard,,2022-02-24 06:43:20,None,1,,,,,,,,,,,,1,1
"Patinoire sans bande, parc Luigi-Pirandello (PPL)",Saint-Léonard,,2022-02-24 06:43:20,None,1,,,,,,,,,,,,1,1
"Sentier de ski de fond, parc Delorme ()",Saint-Léonard,,2022-02-24 06:43:20,1,0,,,,,,,,,,,,0,0
"Sentier de ski de fond, parc Ermano-La Riccia ()",Saint-Léonard,,2022-02-24 06:43:20,1,0,,,,,,,,,,,,0,0
"Sentier de ski de fond, parc Giuseppe-Garibaldi ()",Saint-Léonard,,2022-02-21 12:35:34,1,0,,,,,,,,,,,,0,0
"Glissade, Parc Arthur-Therrien ()",Verdun,,2022-03-12 10:17:18,1,0,,,,,,,,,,,,0,0
"Glissade, Parc West-Vancouver ()",Verdun,,2022-03-12 10:17:18,1,0,,,,,,,,,,,,0,0
"Patinoire Bleu Blanc Bouge, Parc Willibrord (PSE)",Verdun,,2022-03-12 10:17:18,1,1,,,,,,,,,,,,1,1
"Patinoire décorative, Parc Beurling (PP)",Verdun,,2022-03-12 10:17:18,None,None,,,,,,,,,,,,None,None
"Patinoire décorative, Parc Duquette (PSE)",Verdun,,2022-03-12 10:17:18,None,None,,,,,,,,,,,,None,None
"Patinoire décorative, Parc Elgar (PP)",Verdun,,2022-03-12 10:17:18,None,None,,,,,,,,,,,,None,None
"Patinoire décorative, Parc Willibrord (PP)",Verdun,,2022-03-12 10:17:18,None,None,,,,,,,,,,,,None,None
"Patinoire décorative, Parc de la Fontaine (PP)",Verdun,,2022-03-12 10:17:18,None,None,,,,,,,,,,,,None,None
"Patinoire décorative, Reine-Elisabeth (PP)",Verdun,,2022-03-12 10:17:18,None,None,,,,,,,,,,,,None,None
"Patinoire à bandes, Parc Beurling (PSE)",Verdun,,2022-03-12 10:17:18,None,None,,,,,,,,,,,,None,None
"Patinoire à bandes, Parc Elgar (PSE)",Verdun,,2022-03-12 10:17:18,None,None,,,,,,,,,,,,None,None
"Patinoire à bandes, Parc de la Fontaine (PSE)",Verdun,,2022-03-12 10:17:18,None,None,,,,,,,,,,,,None,None
"Patinoire à bandes, Reine-Elisabeth (PSE)",Verdun,,2022-03-12 10:17:18,None,None,,,,,,,,,,,,None,None
"Sentier de ski de fond, Berges de Verdun ()",Verdun,,2022-03-10 14:33:37,1,0,,,,,,,,,,,,0,0
"Aire de glissade, Mont-Royal ()",Ville-Marie,,2022-03-16 15:37:30,0,0,,,,,,,,,,,,0,0
"Patinoire avec bandes, Des Vétérans (PSE)",Ville-Marie,,2022-03-16 15:37:30,0,0,,,,,,,,,,,,0,0
"Patinoire avec bandes, Toussaint-Louverture (PSE)",Ville-Marie,,2022-03-16 15:37:30,0,0,,,,,,,,,,,,0,0
"Patinoire avec bandes, Walter-Stewart (PSE)",Ville-Marie,,2022-03-16 15:37:30,0,0,,,,,,,,,,,,0,0
"Patinoire de patin libre, Walter-Stewart (PPL)",Ville-Marie,,2022-03-16 15:37:30,0,0,,,,,,,,,,,,0,0
"Patinoire décorative, Toussaint-Louverture (PP)",Ville-Marie,,2022-03-16 15:37:30,0,0,,,,,,,,,,,,0,0
"Patinoire décorative, du Glacis (PP)",Ville-Marie,,2022-03-16 15:37:30,0,0,,,,,,,,,,,,0,0
"Patinoire réfrigérée, Esplanade Tranquille (PP)",Ville-Marie,,2022-03-16 15:37:30,0,0,,,,,,,,,,,,0,0
"Patinoire réfrigérée, Lac aux Castors , (PP)",Ville-Marie,,2022-03-16 15:37:30,0,0,,,,,,,,,,,,0,0
"Patinoire réfrigérée, Square Cabot (PP)",Ville-Marie,,2022-03-16 15:37:30,None,None,,,,,,,,,,,,None,None
"Patinoire sans bandes, Des Faubourgs (PPL)",Ville-Marie,,2022-03-16 15:37:30,0,0,,,,,,,,,,,,0,0
"Sentier de ski de randonnée, Mont-Royal ()",Ville-Marie,,2022-03-16 15:37:30,0,0,,,,,,,,,,,,0,0
"Sentier de ski de randonnées, Des Faubourgs ()",Ville-Marie,,2022-03-16 15:37:30,0,0,,,,,,,,,,,,0,0
"Sentier de ski de randonnées, Médéric-Martin ()",Ville-Marie,,2022-03-15 11:26:46,0,0,,,,,,,,,,,,0,0
"Aire de glissade, Parc Jarry ()",Villeray-Saint-Michel - Parc-Extension,,2022-03-13 07:44:55,0,0,,,,,,,,,,,,0,0
"Patinoire avec bandes - Nord, Villeray (PSE)",Villeray-Saint-Michel - Parc-Extension,,2022-03-13 07:44:55,None,0,,,,,,,,,,,,0,0
"Patinoire avec bandes - Sud, Villeray (PSE)",Villeray-Saint-Michel - Parc-Extension,,2022-03-13 07:44:55,None,0,,,,,,,,,,,,0,0
"Patinoire avec bandes nord, Jarry (PSE)",Villeray-Saint-Michel - Parc-Extension,,2022-03-13 07:44:55,None,0,,,,,,,,,,,,0,0
"Patinoire avec bandes sud, Jarry (PSE)",Villeray-Saint-Michel - Parc-Extension,,2022-03-13 07:44:55,None,0,,,,,,,,,,,,0,0
"Patinoire avec bandes, Champdoré (PSE)",Villeray-Saint-Michel - Parc-Extension,,2022-03-13 07:44:55,None,0,,,,,,,,,,,,0,0
"Patinoire avec bandes, George-Vernot (PSE)",Villeray-Saint-Michel - Parc-Extension,,2022-03-13 07:44:55,None,0,,,,,,,,,,,,0,0
"Patinoire avec bandes, Nicolas-Tillemont (PSE)",Villeray-Saint-Michel - Parc-Extension,,2022-03-13 07:44:55,None,0,,,,,,,,,,,,0,0
"Patinoire de patin libre étang , Jarry (PPL)",Villeray-Saint-Michel - Parc-Extension,,2022-03-13 07:44:55,None,0,,,,,,,,,,,,0,0
"Patinoire de patin libre, De Normanville (PPL)",Villeray-Saint-Michel - Parc-Extension,,2022-03-13 07:44:55,None,0,,,,,,,,,,,,0,0
"Patinoire de patin libre, George-Vernot (PPL)",Villeray-Saint-Michel - Parc-Extension,,2022-03-13 07:44:55,None,0,,,,,,,,,,,,0,0
"Patinoire de patin libre, Howard (PPL)",Villeray-Saint-Michel - Parc-Extension,,2022-03-13 07:44:55,None,0,,,,,,,,,,,,0,0
"Patinoire de patin libre, Le Prévost (PPL)",Villeray-Saint-Michel - Parc-Extension,,2022-03-13 07:44:55,None,0,,,,,,,,,,,,0,0
"Patinoire de patin libre, Nicolas-Tillemont (PPL)",Villeray-Saint-Michel - Parc-Extension,,2022-03-13 07:44:55,None,0,,,,,,,,,,,,0,0
"Patinoire de patin libre, Ovila-Légaré (PP)",Villeray-Saint-Michel - Parc-Extension,,2022-03-13 07:44:55,None,0,,,,,,,,,,,,0,0
"Patinoire décorative, François-Perrault (PPL)",Villeray-Saint-Michel - Parc-Extension,,2022-03-13 07:44:55,None,0,,,,,,,,,,,,0,0
"Patinoire réfrigérée, Bleu Blanc Bouge F-Perrault (PSE)",Villeray-Saint-Michel - Parc-Extension,,2022-03-13 07:44:55,1,1,,,,,,,,,,,,None,1
"Piste de ski de fond , Parc Jarry ()",Villeray-Saint-Michel - Parc-Extension,,2022-03-12 08:53:47,0,0,,,,,,,,,,,,0,0
